FLG,日付,TM,1回,2回,3回,4回,5回,6回,7回,8回,9回,10回,11回,12回,計,安,失
ＤｅＮＡ/ヤクルト,03/31,ＤｅＮＡ,0,0,0,0,0,2,0,0,0,,,,2,5,1,
ＤｅＮＡ/ヤクルト,03/31,ヤクルト,0,0,0,2,1,0,3,3,,,,,9,15,0,
ロッテ/ソフトバンク,03/31,ロッテ,0,0,0,0,0,0,1,0,0,,,,1,6,1,
ロッテ/ソフトバンク,03/31,ソフトバンク,0,0,0,0,0,0,1,2,,,,,3,8,0,
楽天/オリックス,03/31,楽天,0,1,2,0,1,0,0,0,0,0,2,,6,9,0,
楽天/オリックス,03/31,オリックス,0,0,0,0,3,0,1,0,0,0,0,,4,10,2,
阪神/広島,03/31,阪神,2,0,3,2,0,1,0,0,2,,,,10,16,3,
阪神/広島,03/31,広島,0,1,0,0,0,3,1,1,0,,,,6,11,2,
西武/日本ハム,03/31,西武,0,2,0,0,0,4,1,0,1,,,,8,9,0,
西武/日本ハム,03/31,日本ハム,0,0,0,0,1,0,0,0,0,,,,1,5,2,
中日/巨人,03/31,中日,0,0,0,0,2,0,0,0,0,,,,2,7,0,
中日/巨人,03/31,巨人,2,0,2,0,2,0,0,0,,,,,6,10,1,
ＤｅＮＡ/ヤクルト,04/01,ＤｅＮＡ,1,0,1,0,0,4,0,0,0,,,,6,10,0,
ＤｅＮＡ/ヤクルト,04/01,ヤクルト,0,0,0,1,0,0,0,0,0,,,,1,4,0,
ロッテ/ソフトバンク,04/01,ロッテ,0,0,0,0,0,0,0,0,1,,,,1,5,1,
ロッテ/ソフトバンク,04/01,ソフトバンク,1,0,0,2,0,1,0,0,,,,,4,8,1,
楽天/オリックス,04/01,楽天,0,1,4,0,0,0,2,0,6,,,,13,14,0,
楽天/オリックス,04/01,オリックス,0,1,0,0,0,1,0,0,2,,,,4,10,0,
阪神/広島,04/01,阪神,4,2,0,0,0,2,0,0,0,0,,,8,11,4,
阪神/広島,04/01,広島,3,0,0,0,2,2,1,0,0,1,,,9,10,1,
西武/日本ハム,04/01,西武,0,0,0,1,0,0,0,0,0,,,,1,9,0,
西武/日本ハム,04/01,日本ハム,0,0,2,0,1,0,0,0,,,,,3,10,1,
中日/巨人,04/01,中日,0,0,1,1,0,0,0,0,0,,,,2,8,0,
中日/巨人,04/01,巨人,0,0,0,0,0,0,1,0,3,,,,4,6,1,
ＤｅＮＡ/ヤクルト,04/02,ＤｅＮＡ,1,0,2,0,1,0,0,0,0,0,,,4,6,2,
ＤｅＮＡ/ヤクルト,04/02,ヤクルト,2,0,2,0,0,0,0,0,0,4,,,8,11,0,
ロッテ/ソフトバンク,04/02,ロッテ,0,0,0,0,2,1,0,0,0,,,,3,5,0,
ロッテ/ソフトバンク,04/02,ソフトバンク,0,1,1,0,0,0,3,0,,,,,5,8,0,
楽天/オリックス,04/02,楽天,0,0,0,0,0,0,0,3,2,,,,5,11,2,
楽天/オリックス,04/02,オリックス,0,2,0,2,0,0,0,0,0,,,,4,6,0,
阪神/広島,04/02,阪神,0,0,1,0,0,0,0,0,0,,,,1,7,1,
阪神/広島,04/02,広島,2,0,2,0,0,0,5,0,,,,,9,15,2,
西武/日本ハム,04/02,西武,0,0,0,1,4,0,0,1,0,,,,6,7,0,
西武/日本ハム,04/02,日本ハム,0,0,0,1,1,1,0,0,0,,,,3,8,2,
中日/巨人,04/02,中日,1,0,0,1,0,0,1,0,0,,,,3,8,0,
中日/巨人,04/02,巨人,0,0,0,2,0,4,0,0,,,,,6,8,1,
オリックス/西武,04/04,オリックス,0,0,2,0,4,0,0,1,0,,,,7,11,1,
オリックス/西武,04/04,西武,2,0,0,0,1,0,0,0,0,,,,3,6,0,
ソフトバンク/楽天,04/04,ソフトバンク,0,0,0,0,0,1,0,0,0,,,,1,7,0,
ソフトバンク/楽天,04/04,楽天,0,0,1,6,0,0,0,0,,,,,7,7,0,
ヤクルト/阪神,04/04,ヤクルト,1,0,1,0,0,0,0,0,1,,,,3,7,1,
ヤクルト/阪神,04/04,阪神,0,0,0,0,0,1,0,0,0,,,,1,7,0,
巨人/ＤｅＮＡ,04/04,巨人,0,0,1,0,0,0,0,4,0,,,,5,7,0,
巨人/ＤｅＮＡ,04/04,ＤｅＮＡ,0,0,1,0,0,0,0,1,0,,,,2,8,1,
広島/中日,04/04,広島,0,3,0,0,0,4,0,0,0,,,,7,12,1,
広島/中日,04/04,中日,0,0,1,0,0,0,0,0,0,,,,1,7,0,
日本ハム/ロッテ,04/04,日本ハム,0,1,0,0,1,0,4,0,0,,,,6,9,0,
日本ハム/ロッテ,04/04,ロッテ,1,0,0,0,0,0,0,0,0,,,,1,7,2,
オリックス/西武,04/05,オリックス,0,0,0,2,0,0,0,0,0,,,,2,4,0,
オリックス/西武,04/05,西武,0,0,0,0,0,0,0,0,0,,,,0,7,1,
ソフトバンク/楽天,04/05,ソフトバンク,0,2,3,2,5,0,0,0,3,,,,15,16,0,
ソフトバンク/楽天,04/05,楽天,0,0,0,0,3,0,0,1,0,,,,4,6,1,
ヤクルト/阪神,04/05,ヤクルト,0,0,0,1,0,0,0,0,0,,,,1,7,0,
ヤクルト/阪神,04/05,阪神,1,0,0,0,0,0,3,0,,,,,4,9,0,
巨人/ＤｅＮＡ,04/05,巨人,0,0,0,1,3,0,0,0,0,,,,4,7,0,
巨人/ＤｅＮＡ,04/05,ＤｅＮＡ,0,0,1,0,0,0,0,1,0,,,,2,8,1,
広島/中日,04/05,広島,0,2,0,0,0,0,0,0,1,0,0,0,3,8,1,
広島/中日,04/05,中日,1,0,0,0,1,0,1,0,0,0,0,0,3,13,0,
日本ハム/ロッテ,04/05,日本ハム,0,1,2,2,0,1,0,0,0,,,,6,12,2,
日本ハム/ロッテ,04/05,ロッテ,0,2,0,0,0,3,2,0,,,,,7,7,1,
ソフトバンク/楽天,04/06,ソフトバンク,0,0,0,1,0,0,0,0,0,,,,1,3,1,
ソフトバンク/楽天,04/06,楽天,0,0,2,0,0,0,1,0,,,,,3,7,1,
ヤクルト/阪神,04/06,ヤクルト,0,1,0,0,0,3,0,0,0,0,0,,4,9,0,
ヤクルト/阪神,04/06,阪神,4,0,0,0,0,0,0,0,0,0,1,,5,9,1,
巨人/ＤｅＮＡ,04/06,巨人,0,0,0,0,0,2,0,0,0,,,,2,9,1,
巨人/ＤｅＮＡ,04/06,ＤｅＮＡ,1,1,0,0,0,0,2,0,,,,,4,6,0,
広島/中日,04/06,広島,0,0,0,3,0,0,0,0,0,0,2,,5,9,0,
広島/中日,04/06,中日,0,0,0,0,0,0,1,0,2,0,0,,3,15,0,
日本ハム/ロッテ,04/06,日本ハム,0,0,1,0,0,0,0,0,0,,,,1,5,0,
日本ハム/ロッテ,04/06,ロッテ,0,1,0,1,0,3,0,0,,,,,5,10,0,
ＤｅＮＡ/中日,04/07,ＤｅＮＡ,0,1,1,1,2,0,0,0,0,,,,5,11,0,
ＤｅＮＡ/中日,04/07,中日,0,0,4,0,0,0,3,0,,,,,7,9,2,
ソフトバンク/西武,04/07,ソフトバンク,0,3,0,0,0,1,0,0,0,,,,4,7,0,
ソフトバンク/西武,04/07,西武,0,0,0,1,1,0,0,0,0,,,,2,9,1,
ヤクルト/広島,04/07,ヤクルト,0,0,0,0,0,0,0,0,1,,,,1,3,0,
ヤクルト/広島,04/07,広島,1,0,2,0,0,0,0,1,,,,,4,8,0,
巨人/阪神,04/07,巨人,3,1,0,0,0,0,1,0,0,,,,5,10,0,
巨人/阪神,04/07,阪神,0,0,0,0,1,2,0,0,0,,,,3,10,1,
日本ハム/オリックス,04/07,日本ハム,0,0,0,0,0,2,0,0,0,,,,2,7,1,
日本ハム/オリックス,04/07,オリックス,0,1,3,0,0,0,0,0,,,,,4,4,1,
ＤｅＮＡ/中日,04/08,ＤｅＮＡ,0,0,0,0,0,0,1,0,0,0,0,0,1,8,0,
ＤｅＮＡ/中日,04/08,中日,0,0,1,0,0,0,0,0,0,0,0,0,1,6,1,
ソフトバンク/西武,04/08,ソフトバンク,0,0,0,0,1,0,0,0,0,,,,1,7,0,
ソフトバンク/西武,04/08,西武,3,0,2,0,0,0,0,1,,,,,6,9,0,
ヤクルト/広島,04/08,ヤクルト,0,0,0,0,0,0,0,0,1,,,,1,7,0,
ヤクルト/広島,04/08,広島,0,2,0,0,0,0,0,0,,,,,2,6,0,
楽天/ロッテ,04/08,楽天,1,0,1,0,0,3,2,0,0,,,,7,10,0,
楽天/ロッテ,04/08,ロッテ,0,0,2,0,0,0,0,2,0,,,,4,6,0,
日本ハム/オリックス,04/08,日本ハム,0,0,0,0,0,0,0,0,1,,,,1,6,0,
日本ハム/オリックス,04/08,オリックス,3,1,0,2,0,0,2,0,,,,,8,12,1,
ＤｅＮＡ/中日,04/09,ＤｅＮＡ,0,0,0,0,0,2,0,0,0,,,,2,7,1,
ＤｅＮＡ/中日,04/09,中日,0,1,0,0,0,0,0,0,0,,,,1,8,0,
ソフトバンク/西武,04/09,ソフトバンク,0,0,0,0,0,0,1,0,1,,,,2,8,1,
ソフトバンク/西武,04/09,西武,1,1,0,0,0,2,0,0,,,,,4,8,0,
ヤクルト/広島,04/09,ヤクルト,0,0,0,0,0,0,2,0,0,,,,2,8,2,
ヤクルト/広島,04/09,広島,0,0,1,0,0,0,5,0,,,,,6,8,0,
楽天/ロッテ,04/09,楽天,2,0,0,1,0,0,0,1,0,,,,4,12,0,
楽天/ロッテ,04/09,ロッテ,0,0,0,0,0,1,0,0,0,,,,1,4,0,
巨人/阪神,04/09,巨人,0,0,0,0,0,0,3,0,0,,,,3,8,0,
巨人/阪神,04/09,阪神,0,1,0,0,0,0,2,1,,,,,4,6,0,
日本ハム/オリックス,04/09,日本ハム,0,0,0,0,0,0,0,0,0,,,,0,5,0,
日本ハム/オリックス,04/09,オリックス,0,0,0,0,1,0,1,0,,,,,2,7,0,
ソフトバンク/日本ハム,04/11,ソフトバンク,0,0,1,0,2,0,0,0,0,,,,3,9,0,
ソフトバンク/日本ハム,04/11,日本ハム,0,0,0,0,0,0,0,0,0,,,,0,6,0,
ロッテ/オリックス,04/11,ロッテ,0,0,0,0,0,0,1,0,0,,,,1,7,1,
ロッテ/オリックス,04/11,オリックス,2,0,3,3,0,0,0,3,,,,,11,14,0,
広島/巨人,04/11,広島,0,0,0,0,0,6,3,0,0,,,,9,14,2,
広島/巨人,04/11,巨人,0,0,1,0,2,3,0,0,0,,,,6,11,0,
ソフトバンク/日本ハム,04/12,ソフトバンク,1,0,1,0,0,0,0,1,0,,,,3,11,0,
ソフトバンク/日本ハム,04/12,日本ハム,1,0,0,0,3,0,0,0,,,,,4,8,0,
ロッテ/オリックス,04/12,ロッテ,3,0,0,1,0,2,0,0,0,,,,6,7,1,
ロッテ/オリックス,04/12,オリックス,0,0,1,2,0,0,1,0,0,,,,4,9,2,
広島/巨人,04/12,広島,0,2,4,0,1,0,0,2,0,,,,9,11,0,
広島/巨人,04/12,巨人,2,0,0,0,3,0,0,0,0,,,,5,6,0,
阪神/ＤｅＮＡ,04/12,阪神,1,0,0,6,1,0,0,0,0,,,,8,11,1,
阪神/ＤｅＮＡ,04/12,ＤｅＮＡ,0,3,0,0,0,0,2,0,1,,,,6,13,0,
西武/楽天,04/12,西武,0,0,2,2,2,1,0,0,3,,,,10,15,1,
西武/楽天,04/12,楽天,3,0,0,0,0,0,0,0,2,,,,5,11,1,
中日/ヤクルト,04/12,中日,0,2,0,0,0,0,0,0,0,3,,,5,8,1,
中日/ヤクルト,04/12,ヤクルト,0,0,0,0,0,0,2,0,0,0,,,2,4,0,
ソフトバンク/日本ハム,04/13,ソフトバンク,0,0,0,1,0,0,0,1,0,,,,2,3,0,
ソフトバンク/日本ハム,04/13,日本ハム,1,1,0,1,0,0,0,0,,,,,3,9,1,
ロッテ/オリックス,04/13,ロッテ,0,0,0,0,0,0,3,0,0,,,,3,5,0,
ロッテ/オリックス,04/13,オリックス,0,0,0,0,0,1,0,0,1,,,,2,9,0,
広島/巨人,04/13,広島,4,0,0,0,0,0,0,0,7,,,,11,12,1,
広島/巨人,04/13,巨人,3,0,1,0,1,0,0,0,0,,,,5,9,1,
阪神/ＤｅＮＡ,04/13,阪神,0,0,0,0,0,1,0,0,3,,,,4,9,0,
阪神/ＤｅＮＡ,04/13,ＤｅＮＡ,0,0,0,0,0,1,0,0,0,,,,1,6,0,
中日/ヤクルト,04/13,中日,0,2,0,0,0,0,0,0,0,,,,2,7,0,
中日/ヤクルト,04/13,ヤクルト,0,0,1,0,0,1,0,0,1,,,,3,8,1,
オリックス/ソフトバンク,04/14,オリックス,4,0,1,0,0,1,1,2,0,,,,9,10,0,
オリックス/ソフトバンク,04/14,ソフトバンク,0,0,0,0,0,0,0,0,0,,,,0,2,0,
ヤクルト/ＤｅＮＡ,04/14,ヤクルト,0,0,0,1,0,0,0,1,1,0,,,3,7,0,
ヤクルト/ＤｅＮＡ,04/14,ＤｅＮＡ,1,0,0,1,0,0,0,1,0,1,,,4,9,0,
巨人/中日,04/14,巨人,0,0,0,0,0,0,0,2,0,0,0,0,2,8,1,
巨人/中日,04/14,中日,0,0,0,0,0,0,2,0,0,0,0,1,3,13,2,
広島/阪神,04/14,広島,0,0,0,1,0,0,0,1,0,,,,2,9,1,
広島/阪神,04/14,阪神,0,0,3,0,0,0,0,1,,,,,4,7,0,
西武/ロッテ,04/14,西武,0,0,0,0,0,0,1,0,2,,,,3,7,0,
西武/ロッテ,04/14,ロッテ,0,0,0,0,0,1,1,0,0,,,,2,7,0,
日本ハム/楽天,04/14,日本ハム,0,1,0,0,1,0,0,0,0,,,,2,5,0,
日本ハム/楽天,04/14,楽天,0,0,1,1,1,0,0,0,,,,,3,13,0,
オリックス/ソフトバンク,04/15,オリックス,2,0,0,1,1,2,1,0,0,,,,7,13,2,
オリックス/ソフトバンク,04/15,ソフトバンク,0,0,3,0,0,1,0,0,2,,,,6,15,0,
ヤクルト/ＤｅＮＡ,04/15,ヤクルト,1,3,1,0,0,0,0,0,2,,,,7,11,0,
ヤクルト/ＤｅＮＡ,04/15,ＤｅＮＡ,0,0,0,1,0,0,0,0,1,,,,2,8,2,
巨人/中日,04/15,巨人,1,0,0,0,0,3,2,0,0,,,,6,12,1,
巨人/中日,04/15,中日,0,0,2,0,0,0,0,0,0,,,,2,7,0,
広島/阪神,04/15,広島,4,0,2,1,0,0,0,0,0,,,,7,12,0,
広島/阪神,04/15,阪神,0,0,0,0,1,0,0,0,0,,,,1,4,2,
西武/ロッテ,04/15,西武,0,0,0,0,0,0,0,0,0,,,,0,5,0,
西武/ロッテ,04/15,ロッテ,0,0,0,1,0,0,0,0,,,,,1,3,0,
日本ハム/楽天,04/15,日本ハム,0,0,0,0,0,0,1,1,0,,,,2,6,1,
日本ハム/楽天,04/15,楽天,0,0,0,0,1,2,0,1,,,,,4,10,1,
ヤクルト/ＤｅＮＡ,04/16,ヤクルト,0,0,2,0,0,1,0,0,0,,,,3,5,0,
ヤクルト/ＤｅＮＡ,04/16,ＤｅＮＡ,1,0,0,2,2,0,1,0,,,,,6,11,1,
巨人/中日,04/16,巨人,0,0,0,0,0,0,1,0,1,,,,2,9,1,
巨人/中日,04/16,中日,0,0,0,0,0,0,0,0,0,,,,0,7,0,
広島/阪神,04/16,広島,1,0,0,0,0,0,0,0,0,,,,1,6,0,
広島/阪神,04/16,阪神,0,0,1,0,0,0,0,1,,,,,2,4,0,
西武/ロッテ,04/16,西武,2,1,2,0,1,0,0,0,4,,,,10,16,0,
西武/ロッテ,04/16,ロッテ,0,0,0,0,0,0,0,2,0,,,,2,6,0,
日本ハム/楽天,04/16,日本ハム,0,0,0,2,1,0,0,0,0,0,,,3,10,2,
日本ハム/楽天,04/16,楽天,0,0,0,0,1,1,0,0,1,1,,,4,11,0,
ＤｅＮＡ/広島,04/18,ＤｅＮＡ,0,0,0,0,3,0,0,0,0,,,,3,9,0,
ＤｅＮＡ/広島,04/18,広島,0,0,0,0,1,1,0,0,2,,,,4,15,0,
オリックス/日本ハム,04/18,オリックス,0,0,0,1,0,1,0,0,1,,,,3,7,0,
オリックス/日本ハム,04/18,日本ハム,1,0,0,0,0,0,0,0,0,,,,1,8,1,
ソフトバンク/ロッテ,04/18,ソフトバンク,1,0,1,0,4,1,0,3,0,,,,10,15,1,
ソフトバンク/ロッテ,04/18,ロッテ,2,0,1,0,0,0,0,0,0,,,,3,5,1,
ヤクルト/巨人,04/18,ヤクルト,0,0,0,0,0,0,0,0,0,,,,0,3,1,
ヤクルト/巨人,04/18,巨人,1,0,0,0,1,0,0,1,,,,,3,10,0,
楽天/西武,04/18,楽天,0,1,0,0,1,0,0,0,0,,,,2,10,0,
楽天/西武,04/18,西武,0,0,0,0,0,0,0,0,0,,,,0,4,1,
阪神/中日,04/18,阪神,0,0,0,0,1,0,0,2,0,,,,3,10,2,
阪神/中日,04/18,中日,0,0,0,0,1,0,0,0,0,,,,1,8,0,
ＤｅＮＡ/広島,04/19,ＤｅＮＡ,0,0,0,2,0,1,0,0,1,,,,4,5,0,
ＤｅＮＡ/広島,04/19,広島,0,0,0,0,0,0,0,0,0,,,,0,1,0,
ソフトバンク/ロッテ,04/19,ソフトバンク,0,0,0,0,1,0,1,0,0,,,,2,5,0,
ソフトバンク/ロッテ,04/19,ロッテ,0,0,0,0,0,0,0,0,0,,,,0,4,0,
ヤクルト/巨人,04/19,ヤクルト,0,0,0,0,0,0,0,0,0,,,,0,8,1,
ヤクルト/巨人,04/19,巨人,1,0,0,0,0,0,0,0,,,,,1,8,0,
楽天/西武,04/19,楽天,1,1,0,0,1,0,1,0,0,0,0,0,4,11,1,
楽天/西武,04/19,西武,0,0,0,0,0,2,0,2,0,0,0,1,5,11,0,
阪神/中日,04/19,阪神,0,0,0,0,2,0,0,1,0,,,,3,7,1,
阪神/中日,04/19,中日,1,0,0,0,0,1,0,1,1,,,,4,10,0,
ＤｅＮＡ/広島,04/20,ＤｅＮＡ,0,1,0,0,0,0,2,0,0,2,,,5,7,0,
ＤｅＮＡ/広島,04/20,広島,0,0,0,0,0,0,3,0,0,0,,,3,8,1,
オリックス/日本ハム,04/20,オリックス,0,0,2,0,0,0,2,3,1,,,,8,14,0,
オリックス/日本ハム,04/20,日本ハム,1,0,0,0,0,0,0,0,3,,,,4,4,1,
ソフトバンク/ロッテ,04/20,ソフトバンク,0,0,0,0,1,0,0,0,3,,,,4,8,0,
ソフトバンク/ロッテ,04/20,ロッテ,0,0,0,0,0,0,0,0,0,,,,0,3,0,
阪神/中日,04/20,阪神,0,0,0,0,1,0,0,1,0,,,,2,8,0,
阪神/中日,04/20,中日,0,0,0,0,0,0,3,2,,,,,5,9,0,
楽天/ソフトバンク,04/21,楽天,1,1,0,0,1,0,0,0,0,0,0,0,3,6,1,
楽天/ソフトバンク,04/21,ソフトバンク,0,0,0,0,0,3,0,0,0,0,0,1,4,8,2,
広島/ヤクルト,04/21,広島,0,0,0,0,1,0,0,0,0,,,,1,7,0,
広島/ヤクルト,04/21,ヤクルト,0,1,0,1,1,0,0,0,,,,,3,6,0,
阪神/巨人,04/21,阪神,3,0,0,0,1,0,0,0,0,,,,4,10,1,
阪神/巨人,04/21,巨人,0,0,1,0,0,0,0,0,0,,,,1,5,0,
中日/ＤｅＮＡ,04/21,中日,0,0,0,1,0,0,0,0,1,0,0,0,2,7,1,
中日/ＤｅＮＡ,04/21,ＤｅＮＡ,0,1,0,0,0,0,0,1,0,0,0,0,2,8,0,
日本ハム/西武,04/21,日本ハム,0,0,0,0,0,0,0,0,0,,,,0,1,2,
日本ハム/西武,04/21,西武,2,0,2,2,0,1,0,2,,,,,9,11,2,
オリックス/ロッテ,04/22,オリックス,0,0,0,2,0,1,1,0,0,,,,4,11,1,
オリックス/ロッテ,04/22,ロッテ,0,2,0,1,0,0,0,0,0,,,,3,7,0,
楽天/ソフトバンク,04/22,楽天,3,0,1,2,0,2,1,0,2,,,,11,15,0,
楽天/ソフトバンク,04/22,ソフトバンク,0,0,0,0,0,0,1,0,1,,,,2,7,0,
広島/ヤクルト,04/22,広島,0,0,0,0,0,0,0,,,,,,0,2,0,
広島/ヤクルト,04/22,ヤクルト,0,0,0,0,0,1,0,,,,,,1,6,0,
阪神/巨人,04/22,阪神,1,0,0,0,0,0,0,0,0,,,,1,4,1,
阪神/巨人,04/22,巨人,0,0,2,0,0,0,1,1,,,,,4,6,0,
中日/ＤｅＮＡ,04/22,中日,1,0,0,0,0,2,0,0,1,,,,4,9,0,
中日/ＤｅＮＡ,04/22,ＤｅＮＡ,0,5,2,2,0,2,0,0,,,,,11,13,1,
日本ハム/西武,04/22,日本ハム,0,0,0,0,0,0,0,0,1,,,,1,6,1,
日本ハム/西武,04/22,西武,0,0,1,0,8,0,0,0,,,,,9,10,2,
オリックス/ロッテ,04/23,オリックス,0,0,0,0,0,0,0,0,0,,,,0,5,0,
オリックス/ロッテ,04/23,ロッテ,0,0,1,0,0,0,1,0,,,,,2,5,0,
楽天/ソフトバンク,04/23,楽天,0,0,0,2,0,0,0,0,0,,,,2,6,0,
楽天/ソフトバンク,04/23,ソフトバンク,0,0,0,0,0,0,0,1,0,,,,1,6,0,
広島/ヤクルト,04/23,広島,0,3,0,0,0,0,1,3,0,,,,7,11,0,
広島/ヤクルト,04/23,ヤクルト,0,3,1,0,0,0,0,0,0,,,,4,10,1,
阪神/巨人,04/23,阪神,1,0,1,0,0,0,0,0,0,,,,2,5,0,
阪神/巨人,04/23,巨人,0,0,1,0,0,0,0,0,0,,,,1,10,0,
中日/ＤｅＮＡ,04/23,中日,1,0,0,0,0,0,0,0,0,,,,1,6,0,
中日/ＤｅＮＡ,04/23,ＤｅＮＡ,0,0,0,0,0,0,0,0,0,,,,0,4,0,
日本ハム/西武,04/23,日本ハム,0,1,1,0,1,0,0,0,0,,,,3,11,1,
日本ハム/西武,04/23,西武,2,0,0,0,0,3,5,2,,,,,12,12,1,
ＤｅＮＡ/阪神,04/25,ＤｅＮＡ,1,0,0,0,0,0,0,0,0,,,,1,5,0,
ＤｅＮＡ/阪神,04/25,阪神,0,0,0,0,0,0,0,0,0,,,,0,3,0,
ヤクルト/中日,04/25,ヤクルト,0,0,0,0,0,0,0,2,0,,,,2,5,2,
ヤクルト/中日,04/25,中日,0,3,0,0,0,1,0,0,,,,,4,7,0,
ロッテ/楽天,04/25,ロッテ,0,0,0,1,0,0,0,1,0,,,,2,4,0,
ロッテ/楽天,04/25,楽天,1,1,0,1,0,0,0,1,,,,,4,8,0,
巨人/広島,04/25,巨人,0,0,0,1,0,0,0,0,0,,,,1,5,0,
巨人/広島,04/25,広島,0,0,0,0,0,0,0,0,0,,,,0,4,0,
西武/オリックス,04/25,西武,0,0,0,0,4,0,0,0,0,,,,4,7,0,
西武/オリックス,04/25,オリックス,3,0,1,0,1,0,0,0,,,,,5,8,3,
日本ハム/ソフトバンク,04/25,日本ハム,0,0,3,0,0,0,0,1,1,,,,5,10,1,
日本ハム/ソフトバンク,04/25,ソフトバンク,0,0,1,0,2,2,0,2,,,,,7,14,1,
ヤクルト/中日,04/26,ヤクルト,0,0,0,2,0,1,0,3,0,0,2,,8,15,0,
ヤクルト/中日,04/26,中日,0,2,0,1,2,0,1,0,0,0,1,,7,12,0,
ロッテ/楽天,04/26,ロッテ,0,0,0,0,0,0,1,0,6,,,,7,12,1,
ロッテ/楽天,04/26,楽天,0,2,4,0,0,2,3,0,,,,,11,14,2,
巨人/広島,04/26,巨人,1,2,0,0,0,0,2,0,1,,,,6,11,1,
巨人/広島,04/26,広島,0,1,0,2,0,3,1,0,,,,,7,9,0,
西武/オリックス,04/26,西武,0,0,0,0,0,3,0,0,0,,,,3,4,0,
西武/オリックス,04/26,オリックス,0,0,0,0,4,0,0,0,,,,,4,8,0,
日本ハム/ソフトバンク,04/26,日本ハム,0,0,0,0,0,0,1,0,0,,,,1,5,1,
日本ハム/ソフトバンク,04/26,ソフトバンク,4,0,0,0,0,0,0,0,,,,,4,9,0,
ＤｅＮＡ/阪神,04/27,ＤｅＮＡ,0,0,1,0,1,0,0,0,0,,,,2,7,0,
ＤｅＮＡ/阪神,04/27,阪神,3,1,0,0,0,0,1,0,,,,,5,10,1,
ヤクルト/中日,04/27,ヤクルト,0,0,0,0,0,0,0,0,0,,,,0,6,1,
ヤクルト/中日,04/27,中日,2,0,0,0,0,0,0,0,,,,,2,4,0,
巨人/広島,04/27,巨人,0,0,0,0,0,0,0,0,0,,,,0,4,0,
巨人/広島,04/27,広島,0,0,0,0,1,0,0,0,,,,,1,4,1,
西武/オリックス,04/27,西武,0,0,0,0,0,2,0,0,0,,,,2,7,2,
西武/オリックス,04/27,オリックス,1,0,0,1,0,0,0,0,1,,,,3,8,0,
日本ハム/ソフトバンク,04/27,日本ハム,0,0,0,0,0,0,2,0,0,3,,,5,6,0,
日本ハム/ソフトバンク,04/27,ソフトバンク,0,0,0,0,0,0,0,2,0,2,,,4,9,0,
ソフトバンク/オリックス,04/28,ソフトバンク,0,1,0,0,0,0,2,0,0,,,,3,11,0,
ソフトバンク/オリックス,04/28,オリックス,0,0,0,0,0,1,0,0,0,,,,1,4,1,
ロッテ/西武,04/28,ロッテ,0,0,0,0,0,2,0,0,0,0,0,0,2,4,5,
ロッテ/西武,04/28,西武,0,0,1,0,0,1,0,0,0,0,0,0,2,7,2,
巨人/ヤクルト,04/28,巨人,4,0,2,1,0,0,0,0,0,,,,7,12,0,
巨人/ヤクルト,04/28,ヤクルト,0,0,0,0,0,0,0,0,0,,,,0,9,0,
広島/ＤｅＮＡ,04/28,広島,0,1,0,0,0,2,0,0,0,,,,3,9,0,
広島/ＤｅＮＡ,04/28,ＤｅＮＡ,2,0,0,2,3,0,0,2,,,,,9,13,1,
中日/阪神,04/28,中日,0,0,0,0,0,0,0,0,0,,,,0,8,0,
中日/阪神,04/28,阪神,0,0,0,2,1,0,3,0,,,,,6,9,0,
ソフトバンク/オリックス,04/29,ソフトバンク,0,1,0,0,0,0,0,0,3,,,,4,9,0,
ソフトバンク/オリックス,04/29,オリックス,1,2,3,0,0,0,0,0,,,,,6,9,0,
ロッテ/西武,04/29,ロッテ,3,0,1,0,0,0,0,0,2,,,,6,8,0,
ロッテ/西武,04/29,西武,0,0,0,0,0,0,0,3,0,,,,3,8,0,
楽天/日本ハム,04/29,楽天,0,0,0,0,0,0,2,0,0,,,,2,8,0,
楽天/日本ハム,04/29,日本ハム,0,0,1,0,1,0,0,0,1,,,,3,7,0,
巨人/ヤクルト,04/29,巨人,0,0,0,0,0,0,0,1,0,,,,1,8,0,
巨人/ヤクルト,04/29,ヤクルト,0,0,0,0,0,0,2,0,,,,,2,7,1,
広島/ＤｅＮＡ,04/29,広島,2,0,0,1,0,0,1,2,0,,,,6,11,0,
広島/ＤｅＮＡ,04/29,ＤｅＮＡ,0,0,0,0,0,0,0,1,0,,,,1,7,2,
中日/阪神,04/29,中日,2,1,0,0,0,0,0,0,3,,,,6,10,1,
中日/阪神,04/29,阪神,2,0,1,0,0,0,0,0,0,,,,3,8,3,
ソフトバンク/オリックス,04/30,ソフトバンク,0,0,0,0,0,0,1,0,1,,,,2,8,0,
ソフトバンク/オリックス,04/30,オリックス,0,1,0,0,0,0,0,0,0,,,,1,5,1,
ロッテ/西武,04/30,ロッテ,0,0,0,0,0,0,0,0,1,,,,1,3,0,
ロッテ/西武,04/30,西武,0,0,2,0,0,0,0,0,,,,,2,10,0,
楽天/日本ハム,04/30,楽天,0,0,0,1,0,0,0,0,1,,,,2,10,0,
楽天/日本ハム,04/30,日本ハム,0,0,0,0,0,0,1,0,0,,,,1,5,1,
巨人/ヤクルト,04/30,巨人,0,0,1,1,0,0,0,0,0,,,,2,8,0,
巨人/ヤクルト,04/30,ヤクルト,1,0,0,0,0,1,1,0,,,,,3,5,3,
広島/ＤｅＮＡ,04/30,広島,0,0,0,0,3,1,0,2,3,,,,9,16,0,
広島/ＤｅＮＡ,04/30,ＤｅＮＡ,2,0,5,0,0,0,1,2,,,,,10,13,0,
中日/阪神,04/30,中日,2,0,0,0,0,0,0,0,0,,,,2,7,0,
中日/阪神,04/30,阪神,0,0,2,0,0,0,0,1,,,,,3,6,1,
ＤｅＮＡ/巨人,05/02,ＤｅＮＡ,0,0,0,0,0,0,0,0,0,,,,0,5,0,
ＤｅＮＡ/巨人,05/02,巨人,1,0,0,1,2,0,1,0,,,,,5,11,0,
オリックス/楽天,05/02,オリックス,0,3,0,0,0,0,0,0,1,,,,4,8,0,
オリックス/楽天,05/02,楽天,0,0,0,0,0,0,1,0,0,,,,1,5,0,
ロッテ/日本ハム,05/02,ロッテ,0,0,0,0,0,0,0,0,0,,,,0,3,1,
ロッテ/日本ハム,05/02,日本ハム,0,3,1,1,0,6,0,0,,,,,11,11,0,
阪神/ヤクルト,05/02,阪神,1,0,0,0,0,0,0,0,0,,,,1,6,2,
阪神/ヤクルト,05/02,ヤクルト,0,1,0,0,0,0,1,2,,,,,4,12,1,
西武/ソフトバンク,05/02,西武,2,0,0,0,0,0,0,1,1,,,,4,7,0,
西武/ソフトバンク,05/02,ソフトバンク,0,4,3,0,2,0,0,5,,,,,14,17,0,
中日/広島,05/02,中日,0,0,0,1,0,0,1,0,0,,,,2,9,1,
中日/広島,05/02,広島,0,0,0,0,5,0,0,0,,,,,5,8,0,
ＤｅＮＡ/巨人,05/03,ＤｅＮＡ,0,1,0,0,0,0,0,0,0,,,,1,6,1,
ＤｅＮＡ/巨人,05/03,巨人,0,2,1,0,0,0,0,1,,,,,4,8,0,
オリックス/楽天,05/03,オリックス,0,0,0,0,0,0,0,0,2,,,,2,7,2,
オリックス/楽天,05/03,楽天,0,1,0,0,0,1,2,0,,,,,4,6,0,
ロッテ/日本ハム,05/03,ロッテ,0,0,1,0,0,0,0,0,0,,,,1,5,0,
ロッテ/日本ハム,05/03,日本ハム,0,0,1,0,0,0,0,0,1,,,,2,8,0,
阪神/ヤクルト,05/03,阪神,0,0,0,0,0,2,0,3,3,,,,8,13,1,
阪神/ヤクルト,05/03,ヤクルト,1,0,0,0,0,0,0,3,0,,,,4,8,1,
西武/ソフトバンク,05/03,西武,0,0,2,0,0,0,0,0,0,,,,2,5,0,
西武/ソフトバンク,05/03,ソフトバンク,0,0,0,4,0,1,1,0,,,,,6,9,1,
中日/広島,05/03,中日,1,1,0,0,1,0,0,0,1,,,,4,7,2,
中日/広島,05/03,広島,0,0,0,2,2,2,1,0,,,,,7,12,0,
ＤｅＮＡ/巨人,05/04,ＤｅＮＡ,0,2,2,1,0,0,0,0,0,,,,5,10,1,
ＤｅＮＡ/巨人,05/04,巨人,0,0,0,0,0,2,0,0,0,,,,2,7,1,
オリックス/楽天,05/04,オリックス,0,1,0,0,0,0,0,0,0,,,,1,7,2,
オリックス/楽天,05/04,楽天,0,0,1,0,1,0,0,0,,,,,2,6,1,
ロッテ/日本ハム,05/04,ロッテ,0,0,0,0,0,0,0,4,0,,,,4,7,0,
ロッテ/日本ハム,05/04,日本ハム,3,0,0,0,0,0,3,0,,,,,6,9,2,
阪神/ヤクルト,05/04,阪神,0,0,1,1,5,0,0,0,0,,,,7,15,0,
阪神/ヤクルト,05/04,ヤクルト,0,0,0,0,1,0,0,0,0,,,,1,5,1,
西武/ソフトバンク,05/04,西武,0,0,0,2,1,0,3,0,0,,,,6,9,1,
西武/ソフトバンク,05/04,ソフトバンク,0,1,0,2,4,0,0,2,,,,,9,8,0,
中日/広島,05/04,中日,0,0,0,4,0,2,1,0,0,,,,7,7,0,
中日/広島,05/04,広島,0,0,0,4,1,1,0,2,,,,,8,14,0,
ソフトバンク/ロッテ,05/05,ソフトバンク,0,0,0,0,0,0,0,0,3,,,,3,8,0,
ソフトバンク/ロッテ,05/05,ロッテ,0,0,2,0,0,0,0,0,0,,,,2,5,0,
ヤクルト/ＤｅＮＡ,05/05,ヤクルト,0,0,0,1,0,0,0,0,0,,,,1,7,1,
ヤクルト/ＤｅＮＡ,05/05,ＤｅＮＡ,3,0,0,0,3,0,0,0,,,,,6,8,0,
楽天/西武,05/05,楽天,0,0,0,0,0,0,1,0,0,,,,1,3,0,
楽天/西武,05/05,西武,0,0,0,4,1,0,0,2,,,,,7,13,0,
巨人/中日,05/05,巨人,0,0,0,0,1,0,0,2,0,,,,3,10,1,
巨人/中日,05/05,中日,1,0,0,1,0,0,0,0,0,,,,2,8,1,
広島/阪神,05/05,広島,0,1,0,3,0,0,0,1,0,,,,5,8,1,
広島/阪神,05/05,阪神,0,0,0,1,0,2,5,0,,,,,8,10,1,
日本ハム/オリックス,05/05,日本ハム,3,0,0,0,0,1,0,1,1,,,,6,12,0,
日本ハム/オリックス,05/05,オリックス,0,0,0,0,0,0,0,1,1,,,,2,9,0,
ソフトバンク/ロッテ,05/06,ソフトバンク,0,0,0,0,1,0,0,0,0,,,,1,6,0,
ソフトバンク/ロッテ,05/06,ロッテ,0,2,0,1,1,0,0,0,,,,,4,7,1,
ヤクルト/ＤｅＮＡ,05/06,ヤクルト,2,0,0,0,0,0,3,0,0,0,0,,5,9,1,
ヤクルト/ＤｅＮＡ,05/06,ＤｅＮＡ,0,0,0,0,0,0,0,5,0,0,1,,6,8,0,
楽天/西武,05/06,楽天,5,0,0,0,0,1,2,2,0,,,,10,20,0,
楽天/西武,05/06,西武,0,0,1,0,0,0,0,1,0,,,,2,5,0,
巨人/中日,05/06,巨人,1,0,0,1,1,0,0,0,3,,,,6,14,0,
巨人/中日,05/06,中日,0,0,0,1,0,0,0,0,0,,,,1,5,0,
広島/阪神,05/06,広島,2,2,0,2,3,0,0,0,0,,,,9,16,1,
広島/阪神,05/06,阪神,0,0,0,0,1,7,3,1,,,,,12,10,3,
日本ハム/オリックス,05/06,日本ハム,0,0,2,0,1,0,0,2,0,,,,5,11,0,
日本ハム/オリックス,05/06,オリックス,1,0,1,0,0,0,0,0,0,,,,2,8,0,
ソフトバンク/ロッテ,05/07,ソフトバンク,0,3,0,3,0,0,2,0,0,,,,8,10,0,
ソフトバンク/ロッテ,05/07,ロッテ,0,0,0,0,1,1,0,0,0,,,,2,6,1,
ヤクルト/ＤｅＮＡ,05/07,ヤクルト,5,2,0,0,1,0,0,2,2,,,,12,19,0,
ヤクルト/ＤｅＮＡ,05/07,ＤｅＮＡ,2,1,0,0,0,0,0,2,0,,,,5,13,1,
楽天/西武,05/07,楽天,0,0,3,0,0,0,0,0,0,,,,3,4,0,
楽天/西武,05/07,西武,0,0,0,0,0,0,2,0,0,,,,2,7,0,
巨人/中日,05/07,巨人,0,0,0,0,0,0,0,0,1,,,,1,5,0,
巨人/中日,05/07,中日,0,3,0,2,1,2,0,0,,,,,8,13,0,
広島/阪神,05/07,広島,0,0,0,0,0,0,0,0,0,,,,0,7,0,
広島/阪神,05/07,阪神,0,0,0,2,0,3,0,1,,,,,6,7,0,
日本ハム/オリックス,05/07,日本ハム,0,0,2,0,0,1,0,0,0,0,0,0,3,7,0,
日本ハム/オリックス,05/07,オリックス,0,0,1,2,0,0,0,0,0,0,0,1,4,13,1,
ＤｅＮＡ/中日,05/09,ＤｅＮＡ,0,0,0,0,0,2,0,1,0,,,,3,11,0,
ＤｅＮＡ/中日,05/09,中日,0,0,5,1,0,0,2,0,,,,,8,10,0,
オリックス/ソフトバンク,05/09,オリックス,0,0,1,0,0,0,0,0,0,,,,1,4,0,
オリックス/ソフトバンク,05/09,ソフトバンク,0,1,0,0,1,0,0,0,,,,,2,6,0,
ロッテ/楽天,05/09,ロッテ,0,0,2,3,0,1,0,0,0,,,,6,8,0,
ロッテ/楽天,05/09,楽天,0,0,0,0,0,0,2,1,1,,,,4,10,0,
広島/ヤクルト,05/09,広島,0,1,0,0,0,0,0,1,0,0,0,0,2,5,2,
広島/ヤクルト,05/09,ヤクルト,0,0,0,2,0,0,0,0,0,0,0,1,3,6,0,
阪神/巨人,05/09,阪神,2,0,2,0,0,0,0,0,0,,,,4,9,0,
阪神/巨人,05/09,巨人,0,1,0,0,0,0,1,0,0,,,,2,8,0,
西武/日本ハム,05/09,西武,0,0,4,1,0,0,2,0,0,,,,7,16,0,
西武/日本ハム,05/09,日本ハム,1,1,0,0,0,0,0,0,0,,,,2,5,1,
ＤｅＮＡ/中日,05/10,ＤｅＮＡ,0,0,0,2,1,0,0,0,0,,,,3,6,0,
ＤｅＮＡ/中日,05/10,中日,0,0,0,0,1,0,0,0,0,,,,1,5,0,
オリックス/ソフトバンク,05/10,オリックス,0,0,1,0,1,0,0,0,0,0,,,2,7,0,
オリックス/ソフトバンク,05/10,ソフトバンク,0,1,0,0,1,0,0,0,0,1,,,3,9,1,
ロッテ/楽天,05/10,ロッテ,0,0,0,0,0,0,0,0,0,,,,0,5,0,
ロッテ/楽天,05/10,楽天,4,1,0,0,0,0,0,0,,,,,5,4,0,
広島/ヤクルト,05/10,広島,3,0,2,0,0,0,2,0,1,,,,8,13,1,
広島/ヤクルト,05/10,ヤクルト,0,2,0,0,4,0,0,0,1,,,,7,7,0,
阪神/巨人,05/10,阪神,0,2,0,0,0,4,0,0,1,,,,7,10,1,
阪神/巨人,05/10,巨人,2,0,4,1,2,0,0,0,,,,,9,10,0,
西武/日本ハム,05/10,西武,1,0,0,0,0,0,0,0,0,,,,1,7,2,
西武/日本ハム,05/10,日本ハム,1,0,1,0,0,0,0,0,,,,,2,7,1,
ＤｅＮＡ/中日,05/11,ＤｅＮＡ,1,0,0,0,0,0,3,0,0,,,,4,12,0,
ＤｅＮＡ/中日,05/11,中日,0,0,0,3,0,0,0,0,0,,,,3,6,0,
オリックス/ソフトバンク,05/11,オリックス,0,0,0,0,0,0,0,0,0,,,,0,2,0,
オリックス/ソフトバンク,05/11,ソフトバンク,0,1,0,0,0,1,5,0,,,,,7,12,0,
ロッテ/楽天,05/11,ロッテ,0,1,0,0,0,0,0,0,0,,,,1,8,1,
ロッテ/楽天,05/11,楽天,3,0,0,1,0,0,0,0,,,,,4,6,1,
広島/ヤクルト,05/11,広島,0,0,1,1,0,0,0,1,0,,,,3,8,2,
広島/ヤクルト,05/11,ヤクルト,0,1,1,2,0,3,0,5,,,,,12,15,0,
ロッテ/日本ハム,05/12,ロッテ,0,0,0,0,1,0,0,0,0,,,,1,5,1,
ロッテ/日本ハム,05/12,日本ハム,0,1,3,2,9,0,0,0,,,,,15,13,1,
阪神/ＤｅＮＡ,05/12,阪神,0,0,0,1,0,1,0,2,0,,,,4,9,0,
阪神/ＤｅＮＡ,05/12,ＤｅＮＡ,0,0,0,1,0,0,0,0,0,,,,1,10,0,
西武/オリックス,05/12,西武,1,0,2,0,3,0,1,3,1,,,,11,17,0,
西武/オリックス,05/12,オリックス,0,0,0,0,0,0,0,0,0,,,,0,5,1,
ロッテ/日本ハム,05/13,ロッテ,0,0,1,4,0,0,0,1,0,,,,6,8,1,
ロッテ/日本ハム,05/13,日本ハム,0,3,2,0,0,4,0,2,,,,,11,13,0,
楽天/ソフトバンク,05/13,楽天,0,0,0,0,0,0,0,2,0,,,,2,7,1,
楽天/ソフトバンク,05/13,ソフトバンク,2,0,0,0,0,0,1,0,,,,,3,7,1,
巨人/広島,05/13,巨人,0,0,0,2,0,0,0,0,0,,,,2,6,2,
巨人/広島,05/13,広島,3,0,1,0,0,1,0,6,,,,,11,13,0,
西武/オリックス,05/13,西武,0,1,1,1,0,2,2,1,0,,,,8,13,0,
西武/オリックス,05/13,オリックス,0,0,0,1,0,1,0,0,0,,,,2,11,1,
中日/ヤクルト,05/13,中日,0,0,1,0,0,0,0,0,3,,,,4,6,1,
中日/ヤクルト,05/13,ヤクルト,0,2,0,0,0,0,1,0,0,,,,3,11,0,
ロッテ/日本ハム,05/14,ロッテ,0,2,0,0,0,0,0,0,0,,,,2,6,0,
ロッテ/日本ハム,05/14,日本ハム,0,0,2,0,1,1,0,0,,,,,4,8,0,
楽天/ソフトバンク,05/14,楽天,1,0,0,0,6,0,2,0,0,,,,9,12,1,
楽天/ソフトバンク,05/14,ソフトバンク,0,0,0,0,0,0,1,1,0,,,,2,7,0,
巨人/広島,05/14,巨人,1,0,0,0,0,0,0,0,0,,,,1,4,1,
巨人/広島,05/14,広島,0,0,1,0,0,2,2,3,,,,,8,12,1,
阪神/ＤｅＮＡ,05/14,阪神,0,2,0,0,0,0,0,0,2,,,,4,8,1,
阪神/ＤｅＮＡ,05/14,ＤｅＮＡ,2,0,0,0,0,0,0,0,0,,,,2,5,1,
西武/オリックス,05/14,西武,3,0,0,0,1,0,0,0,2,,,,6,10,0,
西武/オリックス,05/14,オリックス,1,0,0,0,0,0,0,0,0,,,,1,7,0,
中日/ヤクルト,05/14,中日,1,0,0,0,0,0,0,0,0,,,,1,10,0,
中日/ヤクルト,05/14,ヤクルト,0,1,0,0,0,0,0,0,4,,,,5,8,0,
ＤｅＮＡ/広島,05/16,ＤｅＮＡ,0,0,0,0,1,0,0,0,0,,,,1,5,0,
ＤｅＮＡ/広島,05/16,広島,0,0,0,0,5,0,0,5,,,,,10,9,2,
ソフトバンク/オリックス,05/16,ソフトバンク,0,0,0,0,1,1,0,0,0,,,,2,8,0,
ソフトバンク/オリックス,05/16,オリックス,0,0,0,1,1,0,0,1,,,,,3,8,1,
ヤクルト/巨人,05/16,ヤクルト,0,0,0,0,0,0,1,0,0,,,,1,7,1,
ヤクルト/巨人,05/16,巨人,2,0,0,0,3,0,0,0,,,,,5,6,1,
西武/ロッテ,05/16,西武,0,0,0,0,3,0,0,0,0,,,,3,11,0,
西武/ロッテ,05/16,ロッテ,0,0,0,0,1,0,0,1,0,,,,2,8,1,
中日/阪神,05/16,中日,0,0,0,0,1,0,0,0,0,,,,1,6,1,
中日/阪神,05/16,阪神,3,0,0,0,3,2,0,0,,,,,8,6,1,
日本ハム/楽天,05/16,日本ハム,1,0,0,0,0,1,1,1,0,,,,4,6,1,
日本ハム/楽天,05/16,楽天,0,0,3,1,0,0,2,0,,,,,6,12,1,
ＤｅＮＡ/広島,05/17,ＤｅＮＡ,0,0,0,0,0,1,0,0,3,1,,,5,6,0,
ＤｅＮＡ/広島,05/17,広島,0,0,0,0,0,0,4,0,0,0,,,4,10,3,
ソフトバンク/オリックス,05/17,ソフトバンク,1,0,1,0,0,3,1,0,0,,,,6,8,1,
ソフトバンク/オリックス,05/17,オリックス,0,0,0,0,0,0,0,2,1,,,,3,10,1,
ヤクルト/巨人,05/17,ヤクルト,2,0,0,0,2,3,0,0,0,,,,7,14,0,
ヤクルト/巨人,05/17,巨人,0,0,0,0,0,0,0,0,0,,,,0,5,0,
西武/ロッテ,05/17,西武,0,0,3,1,0,1,2,1,0,,,,8,17,0,
西武/ロッテ,05/17,ロッテ,3,0,0,0,0,0,0,0,1,,,,4,6,0,
中日/阪神,05/17,中日,0,0,0,0,0,0,1,0,0,,,,1,8,1,
中日/阪神,05/17,阪神,0,0,0,0,1,0,0,1,,,,,2,3,0,
日本ハム/楽天,05/17,日本ハム,5,0,0,0,0,0,0,1,0,,,,6,6,1,
日本ハム/楽天,05/17,楽天,0,6,0,0,0,0,4,5,,,,,15,20,0,
ＤｅＮＡ/広島,05/18,ＤｅＮＡ,2,0,0,0,0,0,0,0,0,,,,2,9,2,
ＤｅＮＡ/広島,05/18,広島,4,2,0,0,3,0,0,0,,,,,9,13,0,
ソフトバンク/オリックス,05/18,ソフトバンク,0,0,1,0,1,0,1,3,1,,,,7,11,1,
ソフトバンク/オリックス,05/18,オリックス,1,0,0,1,0,0,0,0,0,,,,2,9,0,
ヤクルト/巨人,05/18,ヤクルト,0,0,1,0,0,0,0,0,0,,,,1,4,0,
ヤクルト/巨人,05/18,巨人,0,0,0,0,0,0,0,0,0,,,,0,9,1,
西武/ロッテ,05/18,西武,0,1,2,0,1,0,0,0,1,,,,5,5,0,
西武/ロッテ,05/18,ロッテ,0,0,0,0,0,0,0,0,1,,,,1,6,2,
中日/阪神,05/18,中日,0,0,0,0,1,0,0,1,0,,,,2,7,0,
中日/阪神,05/18,阪神,1,0,0,0,0,0,0,0,0,,,,1,7,0,
オリックス/日本ハム,05/19,オリックス,0,0,0,0,0,1,1,0,0,,,,2,12,3,
オリックス/日本ハム,05/19,日本ハム,1,2,3,0,0,0,0,1,,,,,7,10,0,
ソフトバンク/西武,05/19,ソフトバンク,0,1,0,0,0,0,1,0,0,,,,2,9,0,
ソフトバンク/西武,05/19,西武,0,1,0,0,0,0,0,0,0,,,,1,7,0,
楽天/ロッテ,05/19,楽天,0,1,0,0,0,0,1,0,1,0,,,3,9,0,
楽天/ロッテ,05/19,ロッテ,0,0,2,0,0,1,0,0,0,1,,,4,10,1,
巨人/ＤｅＮＡ,05/19,巨人,0,0,0,0,0,0,2,0,1,2,,,5,6,1,
巨人/ＤｅＮＡ,05/19,ＤｅＮＡ,0,0,0,0,0,0,3,0,0,0,,,3,9,0,
広島/中日,05/19,広島,0,0,0,0,1,1,0,0,1,0,,,3,7,0,
広島/中日,05/19,中日,0,1,0,1,0,1,0,0,0,2,,,5,11,0,
阪神/ヤクルト,05/19,阪神,0,0,0,0,0,1,0,1,0,,,,2,6,0,
阪神/ヤクルト,05/19,ヤクルト,2,0,1,0,0,0,0,1,,,,,4,7,0,
オリックス/日本ハム,05/20,オリックス,0,0,3,0,0,0,0,0,0,,,,3,10,1,
オリックス/日本ハム,05/20,日本ハム,0,2,2,1,0,0,2,0,,,,,7,10,0,
ソフトバンク/西武,05/20,ソフトバンク,1,0,1,0,2,0,1,0,0,,,,5,8,0,
ソフトバンク/西武,05/20,西武,0,5,2,0,0,0,0,0,,,,,7,8,2,
楽天/ロッテ,05/20,楽天,0,0,0,0,0,0,0,0,0,0,0,2,2,9,1,
楽天/ロッテ,05/20,ロッテ,0,0,0,0,0,0,0,0,0,0,0,0,0,6,2,
巨人/ＤｅＮＡ,05/20,巨人,0,4,0,0,0,0,0,0,0,,,,4,6,0,
巨人/ＤｅＮＡ,05/20,ＤｅＮＡ,2,0,0,0,2,2,0,0,,,,,6,11,0,
広島/中日,05/20,広島,0,0,0,1,0,0,0,0,0,,,,1,6,1,
広島/中日,05/20,中日,0,1,0,0,0,1,0,0,,,,,2,9,0,
阪神/ヤクルト,05/20,阪神,0,1,0,0,0,0,2,0,0,,,,3,10,0,
阪神/ヤクルト,05/20,ヤクルト,0,0,4,0,0,3,1,0,,,,,8,9,0,
オリックス/日本ハム,05/21,オリックス,0,0,0,0,1,0,0,0,0,,,,1,6,1,
オリックス/日本ハム,05/21,日本ハム,0,0,1,0,1,0,2,0,,,,,4,5,1,
ソフトバンク/西武,05/21,ソフトバンク,0,0,0,0,0,5,0,0,1,,,,6,9,0,
ソフトバンク/西武,05/21,西武,1,0,3,0,0,1,0,1,1,,,,7,11,0,
楽天/ロッテ,05/21,楽天,1,0,0,1,0,0,0,0,0,,,,2,7,0,
楽天/ロッテ,05/21,ロッテ,0,0,0,1,0,0,0,2,,,,,3,10,0,
巨人/ＤｅＮＡ,05/21,巨人,0,0,1,3,0,0,0,0,0,,,,4,8,1,
巨人/ＤｅＮＡ,05/21,ＤｅＮＡ,0,0,0,0,0,0,0,0,0,,,,0,6,0,
広島/中日,05/21,広島,0,0,1,0,0,0,1,2,0,,,,4,7,1,
広島/中日,05/21,中日,1,0,1,0,2,0,1,2,,,,,7,9,0,
阪神/ヤクルト,05/21,阪神,0,0,2,0,0,0,3,0,0,,,,5,6,2,
阪神/ヤクルト,05/21,ヤクルト,0,2,1,0,1,0,0,0,0,,,,4,9,1,
ヤクルト/広島,05/23,ヤクルト,0,2,0,0,0,0,0,0,0,,,,2,10,1,
ヤクルト/広島,05/23,広島,0,1,1,0,1,0,0,0,,,,,3,9,1,
ロッテ/ソフトバンク,05/23,ロッテ,0,0,0,0,1,0,0,0,0,,,,1,4,1,
ロッテ/ソフトバンク,05/23,ソフトバンク,2,0,0,1,0,0,1,2,,,,,6,10,0,
楽天/オリックス,05/23,楽天,1,0,1,0,6,0,2,0,0,,,,10,16,0,
楽天/オリックス,05/23,オリックス,0,0,2,0,0,0,0,3,1,,,,6,10,0,
巨人/阪神,05/23,巨人,0,0,0,0,0,0,1,0,0,,,,1,6,0,
巨人/阪神,05/23,阪神,0,0,0,0,0,0,0,0,0,,,,0,7,0,
中日/ＤｅＮＡ,05/23,中日,2,0,2,0,0,0,0,0,0,,,,4,7,1,
中日/ＤｅＮＡ,05/23,ＤｅＮＡ,2,0,2,0,0,1,4,0,,,,,9,13,2,
日本ハム/西武,05/23,日本ハム,0,0,0,0,0,0,0,0,0,,,,0,9,0,
日本ハム/西武,05/23,西武,1,0,0,0,0,0,1,0,,,,,2,6,0,
ヤクルト/広島,05/24,ヤクルト,0,0,0,0,0,0,1,0,0,,,,1,5,1,
ヤクルト/広島,05/24,広島,1,0,1,0,0,2,0,2,,,,,6,9,0,
ロッテ/ソフトバンク,05/24,ロッテ,0,0,0,3,1,0,0,0,0,,,,4,11,1,
ロッテ/ソフトバンク,05/24,ソフトバンク,2,0,0,0,0,2,4,2,,,,,10,11,0,
巨人/阪神,05/24,巨人,0,0,0,0,0,0,0,1,2,,,,3,7,0,
巨人/阪神,05/24,阪神,0,0,0,0,0,0,0,0,1,,,,1,4,0,
中日/ＤｅＮＡ,05/24,中日,0,0,2,0,0,1,0,0,1,,,,4,8,2,
中日/ＤｅＮＡ,05/24,ＤｅＮＡ,0,0,1,1,0,0,0,0,0,,,,2,6,0,
ロッテ/ソフトバンク,05/25,ロッテ,0,2,0,5,2,1,2,0,0,,,,12,9,1,
ロッテ/ソフトバンク,05/25,ソフトバンク,3,0,0,0,0,0,2,1,1,,,,7,11,0,
楽天/オリックス,05/25,楽天,0,0,0,1,1,2,0,0,0,,,,4,12,0,
楽天/オリックス,05/25,オリックス,1,0,0,0,0,0,0,0,0,,,,1,5,0,
巨人/阪神,05/25,巨人,0,1,0,0,0,0,0,0,0,,,,1,6,1,
巨人/阪神,05/25,阪神,4,0,2,0,0,0,0,0,,,,,6,9,0,
中日/ＤｅＮＡ,05/25,中日,0,2,0,1,2,0,0,0,0,,,,5,10,1,
中日/ＤｅＮＡ,05/25,ＤｅＮＡ,1,0,5,0,4,3,0,0,,,,,13,17,0,
日本ハム/西武,05/25,日本ハム,0,1,0,3,0,1,0,0,0,,,,5,8,1,
日本ハム/西武,05/25,西武,0,0,1,0,1,4,2,0,,,,,8,8,2,
ＤｅＮＡ/阪神,05/26,ＤｅＮＡ,0,0,0,0,0,5,0,0,0,,,,5,10,0,
ＤｅＮＡ/阪神,05/26,阪神,0,0,0,0,0,0,1,1,0,,,,2,4,2,
オリックス/ロッテ,05/26,オリックス,0,0,0,0,0,0,4,0,0,,,,4,9,0,
オリックス/ロッテ,05/26,ロッテ,2,1,1,0,0,0,0,0,1,,,,5,13,1,
ソフトバンク/日本ハム,05/26,ソフトバンク,3,0,1,0,0,0,0,0,1,,,,5,10,0,
ソフトバンク/日本ハム,05/26,日本ハム,0,1,5,0,0,0,1,0,,,,,7,10,0,
ヤクルト/中日,05/26,ヤクルト,0,0,1,1,0,0,0,0,0,,,,2,8,0,
ヤクルト/中日,05/26,中日,0,0,0,0,0,0,0,0,3,,,,3,7,1,
広島/巨人,05/26,広島,0,0,0,1,0,3,1,2,0,,,,7,11,0,
広島/巨人,05/26,巨人,0,0,0,0,0,0,1,1,0,,,,2,8,2,
西武/楽天,05/26,西武,0,0,0,0,0,0,0,5,0,,,,5,7,1,
西武/楽天,05/26,楽天,0,0,0,1,0,0,0,0,0,,,,1,5,1,
ＤｅＮＡ/阪神,05/27,ＤｅＮＡ,0,0,0,0,2,0,0,0,0,,,,2,9,3,
ＤｅＮＡ/阪神,05/27,阪神,0,0,5,1,0,2,0,1,,,,,9,8,2,
オリックス/ロッテ,05/27,オリックス,0,0,0,0,0,0,0,0,1,,,,1,5,1,
オリックス/ロッテ,05/27,ロッテ,0,0,2,0,0,0,0,0,,,,,2,6,0,
ソフトバンク/日本ハム,05/27,ソフトバンク,4,0,4,3,0,0,2,0,0,,,,13,15,0,
ソフトバンク/日本ハム,05/27,日本ハム,2,0,0,1,4,0,1,0,0,,,,8,14,0,
ヤクルト/中日,05/27,ヤクルト,1,0,0,0,1,0,0,0,0,,,,2,9,1,
ヤクルト/中日,05/27,中日,0,0,0,0,0,2,0,2,,,,,4,11,0,
広島/巨人,05/27,広島,0,3,1,3,0,2,0,0,0,,,,9,15,0,
広島/巨人,05/27,巨人,0,0,0,0,0,0,0,0,0,,,,0,4,0,
西武/楽天,05/27,西武,0,1,0,0,0,0,0,0,0,,,,1,7,0,
西武/楽天,05/27,楽天,0,0,0,6,0,0,0,0,,,,,6,8,0,
ＤｅＮＡ/阪神,05/28,ＤｅＮＡ,0,0,6,0,0,0,0,0,0,,,,6,11,1,
ＤｅＮＡ/阪神,05/28,阪神,0,1,0,0,0,0,1,0,0,,,,2,4,0,
オリックス/ロッテ,05/28,オリックス,0,0,0,0,0,0,2,0,0,,,,2,8,0,
オリックス/ロッテ,05/28,ロッテ,1,0,0,0,0,0,0,0,0,,,,1,8,0,
ソフトバンク/日本ハム,05/28,ソフトバンク,0,0,2,0,0,0,3,0,1,,,,6,11,0,
ソフトバンク/日本ハム,05/28,日本ハム,0,0,0,0,0,0,1,0,0,,,,1,5,2,
ヤクルト/中日,05/28,ヤクルト,0,6,0,1,0,0,0,0,0,,,,7,11,0,
ヤクルト/中日,05/28,中日,0,0,0,0,0,1,0,0,0,,,,1,7,1,
広島/巨人,05/28,広島,0,0,0,0,0,0,2,0,0,1,,,3,8,0,
広島/巨人,05/28,巨人,0,0,1,0,1,0,0,0,0,0,,,2,6,0,
西武/楽天,05/28,西武,0,0,0,1,1,0,0,0,0,,,,2,5,1,
西武/楽天,05/28,楽天,1,4,5,0,2,0,0,1,,,,,13,17,0,
ＤｅＮＡ/日本ハム,05/30,ＤｅＮＡ,2,0,0,0,0,1,0,0,0,,,,3,6,0,
ＤｅＮＡ/日本ハム,05/30,日本ハム,0,0,0,0,0,0,0,0,0,,,,0,6,1,
ヤクルト/オリックス,05/30,ヤクルト,1,0,0,0,0,0,0,0,0,,,,1,6,1,
ヤクルト/オリックス,05/30,オリックス,1,0,0,0,0,1,7,0,,,,,9,15,0,
巨人/楽天,05/30,巨人,0,3,1,0,0,0,1,0,0,,,,5,13,2,
巨人/楽天,05/30,楽天,2,2,2,0,2,5,0,0,,,,,13,16,1,
広島/西武,05/30,広島,0,0,0,1,0,0,0,1,3,,,,5,9,0,
広島/西武,05/30,西武,0,0,0,0,0,0,0,0,0,,,,0,5,1,
阪神/ロッテ,05/30,阪神,2,0,1,1,6,2,1,0,2,,,,15,15,1,
阪神/ロッテ,05/30,ロッテ,0,4,0,0,3,0,0,0,0,,,,7,13,2,
中日/ソフトバンク,05/30,中日,0,1,0,1,0,0,0,0,0,,,,2,6,0,
中日/ソフトバンク,05/30,ソフトバンク,6,0,0,0,2,0,2,0,,,,,10,15,0,
ＤｅＮＡ/日本ハム,05/31,ＤｅＮＡ,0,0,0,0,0,1,0,0,0,,,,1,6,0,
ＤｅＮＡ/日本ハム,05/31,日本ハム,1,0,0,0,2,0,3,0,,,,,6,14,1,
ヤクルト/オリックス,05/31,ヤクルト,0,0,0,0,1,0,0,0,0,0,,,1,7,0,
ヤクルト/オリックス,05/31,オリックス,0,0,0,0,0,0,0,1,0,1,,,2,9,0,
巨人/楽天,05/31,巨人,0,0,0,0,0,0,0,0,0,,,,0,5,1,
巨人/楽天,05/31,楽天,0,0,3,0,1,0,2,0,,,,,6,9,1,
広島/西武,05/31,広島,0,0,0,2,6,0,1,0,0,,,,9,7,2,
広島/西武,05/31,西武,0,0,1,0,0,0,0,0,3,,,,4,7,1,
阪神/ロッテ,05/31,阪神,0,3,0,0,0,0,0,0,2,,,,5,11,0,
阪神/ロッテ,05/31,ロッテ,0,0,0,0,0,0,0,0,0,,,,0,5,1,
中日/ソフトバンク,05/31,中日,0,0,1,1,0,0,0,0,0,,,,2,7,0,
中日/ソフトバンク,05/31,ソフトバンク,2,1,1,1,0,1,0,1,,,,,7,16,0,
ＤｅＮＡ/日本ハム,06/01,ＤｅＮＡ,0,0,0,0,3,0,0,0,0,,,,3,7,0,
ＤｅＮＡ/日本ハム,06/01,日本ハム,0,0,4,0,1,0,0,0,,,,,5,9,0,
ヤクルト/オリックス,06/01,ヤクルト,1,0,0,1,0,0,0,0,0,,,,2,4,0,
ヤクルト/オリックス,06/01,オリックス,1,0,0,0,0,2,0,0,,,,,3,6,0,
巨人/楽天,06/01,巨人,0,0,0,2,0,0,0,0,0,,,,2,7,1,
巨人/楽天,06/01,楽天,0,0,0,0,0,3,0,0,,,,,3,10,1,
広島/西武,06/01,広島,0,2,0,0,0,0,0,0,0,,,,2,9,0,
広島/西武,06/01,西武,0,0,0,2,2,0,0,0,,,,,4,6,1,
阪神/ロッテ,06/01,阪神,1,0,0,0,0,0,0,0,0,,,,1,8,0,
阪神/ロッテ,06/01,ロッテ,3,0,0,0,1,0,0,4,,,,,8,10,1,
中日/ソフトバンク,06/01,中日,1,0,0,1,0,2,0,1,0,,,,5,9,0,
中日/ソフトバンク,06/01,ソフトバンク,0,0,0,0,0,1,0,0,0,,,,1,6,2,
オリックス/巨人,06/02,オリックス,0,0,0,1,0,0,0,0,3,0,2,,6,17,0,
オリックス/巨人,06/02,巨人,0,0,0,0,0,0,4,0,0,0,1,,5,10,1,
ソフトバンク/ＤｅＮＡ,06/02,ソフトバンク,4,1,0,0,1,0,0,0,0,,,,6,6,1,
ソフトバンク/ＤｅＮＡ,06/02,ＤｅＮＡ,0,0,2,0,2,0,0,0,0,,,,4,6,2,
ロッテ/広島,06/02,ロッテ,4,0,0,0,0,0,0,0,0,0,0,1,5,13,2,
ロッテ/広島,06/02,広島,0,0,0,0,4,0,0,0,0,0,0,0,4,10,0,
楽天/中日,06/02,楽天,0,0,0,0,0,0,0,0,3,,,,3,7,0,
楽天/中日,06/02,中日,0,0,0,0,1,0,2,3,,,,,6,10,0,
西武/ヤクルト,06/02,西武,1,0,0,0,0,0,2,0,0,,,,3,8,0,
西武/ヤクルト,06/02,ヤクルト,0,0,1,1,0,0,0,0,0,,,,2,7,0,
日本ハム/阪神,06/02,日本ハム,0,0,0,0,0,0,1,0,3,,,,4,7,2,
日本ハム/阪神,06/02,阪神,0,0,0,1,1,0,0,0,0,,,,2,11,1,
オリックス/巨人,06/03,オリックス,4,0,0,0,1,0,0,0,0,,,,5,11,0,
オリックス/巨人,06/03,巨人,0,0,0,0,0,4,0,0,0,,,,4,7,0,
ソフトバンク/ＤｅＮＡ,06/03,ソフトバンク,3,0,0,0,1,0,0,0,3,,,,7,11,1,
ソフトバンク/ＤｅＮＡ,06/03,ＤｅＮＡ,0,0,0,0,0,3,0,0,0,,,,3,6,1,
ロッテ/広島,06/03,ロッテ,0,0,3,1,0,0,0,0,1,,,,5,8,0,
ロッテ/広島,06/03,広島,0,0,3,0,0,2,1,0,,,,,6,13,1,
楽天/中日,06/03,楽天,0,0,1,0,0,3,1,0,0,,,,5,10,1,
楽天/中日,06/03,中日,0,0,0,0,0,0,0,0,1,,,,1,8,1,
西武/ヤクルト,06/03,西武,0,1,3,2,1,1,0,3,0,,,,11,12,0,
西武/ヤクルト,06/03,ヤクルト,0,0,2,0,0,0,0,0,0,,,,2,10,0,
日本ハム/阪神,06/03,日本ハム,2,0,0,0,0,0,0,0,0,,,,2,7,0,
日本ハム/阪神,06/03,阪神,0,0,1,2,0,0,0,1,,,,,4,8,1,
オリックス/巨人,06/04,オリックス,1,0,2,0,0,0,0,0,0,,,,3,8,0,
オリックス/巨人,06/04,巨人,1,0,0,0,0,0,0,0,0,,,,1,4,1,
ソフトバンク/ＤｅＮＡ,06/04,ソフトバンク,0,0,0,3,0,0,0,0,0,,,,3,6,1,
ソフトバンク/ＤｅＮＡ,06/04,ＤｅＮＡ,2,0,0,0,0,2,0,1,,,,,5,7,0,
ロッテ/広島,06/04,ロッテ,0,0,0,0,0,1,0,0,0,,,,1,6,2,
ロッテ/広島,06/04,広島,1,0,0,1,2,2,0,1,,,,,7,8,2,
楽天/中日,06/04,楽天,0,0,0,0,0,0,0,0,0,,,,0,4,0,
楽天/中日,06/04,中日,0,0,0,0,2,0,0,0,,,,,2,8,0,
西武/ヤクルト,06/04,西武,0,0,5,0,1,2,0,0,0,0,0,0,8,10,2,
西武/ヤクルト,06/04,ヤクルト,0,0,0,1,1,0,0,2,4,0,0,0,8,17,1,
日本ハム/阪神,06/04,日本ハム,0,0,0,0,0,2,0,0,1,0,0,,3,7,2,
日本ハム/阪神,06/04,阪神,0,0,1,0,0,0,0,0,2,0,1,,4,5,0,
ＤｅＮＡ/楽天,06/06,ＤｅＮＡ,3,0,1,0,4,1,0,0,0,,,,9,13,0,
ＤｅＮＡ/楽天,06/06,楽天,0,0,0,1,0,0,0,0,0,,,,1,5,1,
ヤクルト/ソフトバンク,06/06,ヤクルト,0,0,1,0,0,0,0,0,0,0,,,1,6,0,
ヤクルト/ソフトバンク,06/06,ソフトバンク,0,0,0,0,1,0,0,0,0,1,,,2,9,0,
巨人/西武,06/06,巨人,0,0,2,1,0,2,0,0,0,,,,5,13,0,
巨人/西武,06/06,西武,0,0,0,2,0,3,2,1,,,,,8,10,0,
広島/日本ハム,06/06,広島,0,0,0,1,0,0,3,0,0,,,,4,8,0,
広島/日本ハム,06/06,日本ハム,0,2,0,0,0,1,0,0,0,,,,3,6,2,
阪神/オリックス,06/06,阪神,0,0,6,0,0,5,0,0,0,,,,11,11,0,
阪神/オリックス,06/06,オリックス,2,0,0,0,0,0,0,0,2,,,,4,15,1,
中日/ロッテ,06/06,中日,1,0,0,0,0,1,0,1,0,,,,3,7,0,
中日/ロッテ,06/06,ロッテ,0,0,0,0,0,0,0,0,0,,,,0,4,0,
ＤｅＮＡ/楽天,06/07,ＤｅＮＡ,6,0,2,0,0,0,2,0,0,,,,10,12,1,
ＤｅＮＡ/楽天,06/07,楽天,0,2,0,4,0,0,0,0,0,,,,6,7,1,
ヤクルト/ソフトバンク,06/07,ヤクルト,0,0,0,0,1,0,0,0,0,,,,1,3,0,
ヤクルト/ソフトバンク,06/07,ソフトバンク,0,0,3,0,0,0,0,1,,,,,4,9,0,
巨人/西武,06/07,巨人,0,0,0,0,0,0,0,0,0,,,,0,6,0,
巨人/西武,06/07,西武,0,0,0,2,0,1,0,0,,,,,3,10,0,
広島/日本ハム,06/07,広島,0,2,1,4,1,0,0,0,0,,,,8,15,0,
広島/日本ハム,06/07,日本ハム,1,0,1,1,0,0,0,0,0,,,,3,5,0,
阪神/オリックス,06/07,阪神,1,0,0,3,0,0,0,0,0,,,,4,7,0,
阪神/オリックス,06/07,オリックス,0,0,0,0,1,3,0,0,1,,,,5,9,0,
中日/ロッテ,06/07,中日,0,0,1,0,0,1,1,1,0,,,,4,10,2,
中日/ロッテ,06/07,ロッテ,0,0,0,1,0,1,0,0,0,,,,2,4,1,
ＤｅＮＡ/楽天,06/08,ＤｅＮＡ,0,0,0,0,0,1,0,1,0,,,,2,7,0,
ＤｅＮＡ/楽天,06/08,楽天,1,0,1,3,3,0,0,0,,,,,8,10,0,
ヤクルト/ソフトバンク,06/08,ヤクルト,0,0,0,0,0,0,0,0,0,,,,0,6,2,
ヤクルト/ソフトバンク,06/08,ソフトバンク,1,0,6,1,0,6,0,1,,,,,15,20,0,
巨人/西武,06/08,巨人,0,0,0,0,0,2,0,0,0,,,,2,7,0,
巨人/西武,06/08,西武,1,0,6,2,3,1,0,0,,,,,13,13,2,
広島/日本ハム,06/08,広島,2,0,0,0,2,0,0,0,1,,,,5,9,0,
広島/日本ハム,06/08,日本ハム,0,0,0,0,0,1,0,2,0,,,,3,9,1,
阪神/オリックス,06/08,阪神,0,1,0,0,1,1,0,0,0,,,,3,5,1,
阪神/オリックス,06/08,オリックス,1,0,0,0,0,1,0,0,0,,,,2,6,0,
中日/ロッテ,06/08,中日,2,0,0,3,0,0,0,0,0,,,,5,11,0,
中日/ロッテ,06/08,ロッテ,0,1,2,0,3,3,0,0,,,,,9,13,0,
ＤｅＮＡ/西武,06/09,ＤｅＮＡ,0,2,0,0,0,0,0,0,2,,,,4,7,0,
ＤｅＮＡ/西武,06/09,西武,0,0,0,0,0,0,3,0,0,,,,3,10,1,
ヤクルト/ロッテ,06/09,ヤクルト,0,0,0,1,0,0,0,0,0,,,,1,8,2,
ヤクルト/ロッテ,06/09,ロッテ,4,0,0,1,1,0,0,0,,,,,6,11,1,
巨人/日本ハム,06/09,巨人,0,1,0,0,1,0,0,0,0,,,,2,8,0,
巨人/日本ハム,06/09,日本ハム,0,1,0,0,0,0,0,0,0,,,,1,5,0,
広島/楽天,06/09,広島,0,3,3,0,0,0,0,4,2,,,,12,16,1,
広島/楽天,06/09,楽天,0,0,0,2,0,0,0,0,1,,,,3,10,0,
阪神/ソフトバンク,06/09,阪神,0,0,0,0,0,0,0,0,0,,,,0,4,0,
阪神/ソフトバンク,06/09,ソフトバンク,1,0,2,0,0,0,0,0,,,,,3,6,0,
中日/オリックス,06/09,中日,0,0,0,1,0,1,0,0,0,0,,,2,7,0,
中日/オリックス,06/09,オリックス,0,0,0,0,1,1,0,0,0,2,,,4,9,0,
ＤｅＮＡ/西武,06/10,ＤｅＮＡ,0,0,2,0,0,0,0,0,0,,,,2,12,2,
ＤｅＮＡ/西武,06/10,西武,2,3,0,0,0,0,0,1,,,,,6,7,1,
ヤクルト/ロッテ,06/10,ヤクルト,0,0,0,0,1,0,0,0,0,,,,1,8,0,
ヤクルト/ロッテ,06/10,ロッテ,0,1,0,0,0,2,1,0,,,,,4,13,0,
巨人/日本ハム,06/10,巨人,0,0,0,0,0,0,2,0,0,,,,2,4,1,
巨人/日本ハム,06/10,日本ハム,1,0,0,0,0,0,0,2,,,,,3,6,1,
広島/楽天,06/10,広島,0,0,0,1,0,0,0,0,0,,,,1,4,0,
広島/楽天,06/10,楽天,0,0,0,0,1,0,0,1,,,,,2,6,0,
阪神/ソフトバンク,06/10,阪神,0,4,0,0,0,0,0,1,0,,,,5,5,1,
阪神/ソフトバンク,06/10,ソフトバンク,0,0,0,0,1,0,0,0,0,,,,1,6,2,
中日/オリックス,06/10,中日,0,0,0,0,0,0,3,0,0,,,,3,8,0,
中日/オリックス,06/10,オリックス,0,0,0,1,1,0,0,3,,,,,5,7,1,
ＤｅＮＡ/西武,06/11,ＤｅＮＡ,0,0,0,0,0,0,0,0,0,,,,0,5,0,
ＤｅＮＡ/西武,06/11,西武,0,0,0,1,0,0,0,0,,,,,1,5,0,
ヤクルト/ロッテ,06/11,ヤクルト,7,0,1,0,0,0,0,1,0,,,,9,12,2,
ヤクルト/ロッテ,06/11,ロッテ,0,0,0,0,0,0,2,4,0,,,,6,8,0,
巨人/日本ハム,06/11,巨人,0,0,0,0,1,0,0,0,0,,,,1,7,0,
巨人/日本ハム,06/11,日本ハム,0,0,2,2,0,0,1,0,,,,,5,10,1,
広島/楽天,06/11,広島,0,1,0,0,1,0,0,1,0,,,,3,7,2,
広島/楽天,06/11,楽天,1,0,0,0,1,0,1,1,,,,,4,7,1,
阪神/ソフトバンク,06/11,阪神,0,0,0,0,1,0,1,0,0,,,,2,8,0,
阪神/ソフトバンク,06/11,ソフトバンク,2,0,1,0,0,0,0,2,,,,,5,8,0,
中日/オリックス,06/11,中日,0,0,0,0,1,0,0,3,0,,,,4,8,0,
中日/オリックス,06/11,オリックス,0,0,0,0,0,0,0,0,0,,,,0,3,0,
オリックス/広島,06/13,オリックス,0,0,0,0,0,0,0,0,0,,,,0,4,1,
オリックス/広島,06/13,広島,0,0,0,0,0,0,0,1,,,,,1,5,0,
ソフトバンク/巨人,06/13,ソフトバンク,0,0,0,0,0,0,0,1,0,,,,1,3,0,
ソフトバンク/巨人,06/13,巨人,0,0,1,1,0,0,3,0,,,,,5,11,0,
ロッテ/ＤｅＮＡ,06/13,ロッテ,1,0,0,0,0,5,0,0,2,,,,8,12,0,
ロッテ/ＤｅＮＡ,06/13,ＤｅＮＡ,0,0,0,0,0,0,1,0,0,,,,1,7,0,
楽天/ヤクルト,06/13,楽天,3,0,2,0,1,2,1,1,2,,,,12,15,4,
楽天/ヤクルト,06/13,ヤクルト,0,0,0,0,0,2,0,1,0,,,,3,3,0,
西武/阪神,06/13,西武,0,0,1,1,0,0,0,0,0,,,,2,9,0,
西武/阪神,06/13,阪神,0,2,0,1,0,0,2,2,,,,,7,8,0,
日本ハム/中日,06/13,日本ハム,3,0,1,0,1,0,0,0,0,,,,5,8,1,
日本ハム/中日,06/13,中日,2,2,0,0,0,1,0,2,,,,,7,9,0,
オリックス/広島,06/14,オリックス,0,1,0,0,0,0,2,3,0,0,0,0,6,13,1,
オリックス/広島,06/14,広島,0,1,0,0,1,4,0,0,0,0,0,1,7,11,0,
ソフトバンク/巨人,06/14,ソフトバンク,0,0,0,0,0,0,0,0,0,,,,0,0,0,
ソフトバンク/巨人,06/14,巨人,0,0,0,0,0,2,0,1,,,,,3,9,1,
ロッテ/ＤｅＮＡ,06/14,ロッテ,0,0,0,0,0,1,0,0,1,,,,2,9,0,
ロッテ/ＤｅＮＡ,06/14,ＤｅＮＡ,3,0,1,0,0,0,1,0,,,,,5,9,0,
楽天/ヤクルト,06/14,楽天,0,0,0,0,1,0,0,1,0,,,,2,6,1,
楽天/ヤクルト,06/14,ヤクルト,1,0,0,1,0,1,0,0,,,,,3,6,2,
西武/阪神,06/14,西武,1,0,3,0,0,0,0,0,0,,,,4,7,0,
西武/阪神,06/14,阪神,0,0,0,0,2,0,0,0,0,,,,2,8,0,
日本ハム/中日,06/14,日本ハム,0,1,0,0,0,3,1,0,0,0,0,2,7,15,0,
日本ハム/中日,06/14,中日,4,0,0,0,0,0,0,0,1,0,0,0,5,6,0,
オリックス/広島,06/15,オリックス,0,0,0,2,0,0,0,0,0,,,,2,8,1,
オリックス/広島,06/15,広島,5,0,0,0,0,1,0,1,,,,,7,9,0,
ソフトバンク/巨人,06/15,ソフトバンク,0,0,1,1,0,1,1,3,0,,,,7,14,0,
ソフトバンク/巨人,06/15,巨人,0,0,0,0,1,0,0,2,0,,,,3,14,1,
ロッテ/ＤｅＮＡ,06/15,ロッテ,0,1,0,1,0,0,0,0,0,,,,2,3,0,
ロッテ/ＤｅＮＡ,06/15,ＤｅＮＡ,1,0,0,0,4,0,1,0,,,,,6,9,0,
楽天/ヤクルト,06/15,楽天,0,0,0,1,0,0,0,0,1,,,,2,4,1,
楽天/ヤクルト,06/15,ヤクルト,0,0,0,0,1,3,2,0,,,,,6,8,0,
西武/阪神,06/15,西武,0,0,0,2,0,0,0,0,0,0,,,2,6,2,
西武/阪神,06/15,阪神,1,0,0,0,0,1,0,0,0,1,,,3,13,0,
日本ハム/中日,06/15,日本ハム,0,0,0,0,2,1,0,2,0,,,,5,8,0,
日本ハム/中日,06/15,中日,0,0,0,0,1,2,0,1,0,,,,4,9,1,
オリックス/ＤｅＮＡ,06/16,オリックス,0,0,2,0,0,0,0,1,0,,,,3,10,0,
オリックス/ＤｅＮＡ,06/16,ＤｅＮＡ,1,0,1,1,0,0,0,3,,,,,6,8,1,
ソフトバンク/広島,06/16,ソフトバンク,2,0,2,1,0,0,0,0,0,,,,5,6,0,
ソフトバンク/広島,06/16,広島,1,0,0,1,0,1,0,0,0,,,,3,9,0,
ロッテ/巨人,06/16,ロッテ,0,0,0,0,0,0,0,0,0,,,,0,2,1,
ロッテ/巨人,06/16,巨人,2,0,0,0,2,0,0,4,,,,,8,11,1,
楽天/阪神,06/16,楽天,0,0,1,0,0,0,0,0,1,,,,2,2,1,
楽天/阪神,06/16,阪神,0,2,0,0,0,0,0,2,,,,,4,8,0,
西武/中日,06/16,西武,0,0,0,2,2,1,0,0,4,,,,9,13,1,
西武/中日,06/16,中日,0,0,1,0,0,0,0,0,0,,,,1,5,0,
日本ハム/ヤクルト,06/16,日本ハム,0,1,0,1,1,0,0,2,0,,,,5,9,2,
日本ハム/ヤクルト,06/16,ヤクルト,0,1,0,0,2,0,0,5,,,,,8,7,1,
オリックス/ＤｅＮＡ,06/17,オリックス,0,0,0,2,0,1,2,0,0,,,,5,12,0,
オリックス/ＤｅＮＡ,06/17,ＤｅＮＡ,0,0,1,0,0,5,7,1,,,,,14,15,0,
ソフトバンク/広島,06/17,ソフトバンク,1,0,0,1,0,0,0,0,0,,,,2,9,1,
ソフトバンク/広島,06/17,広島,0,0,0,2,0,0,0,1,,,,,3,7,0,
ロッテ/巨人,06/17,ロッテ,0,0,0,0,0,0,0,0,0,,,,0,4,1,
ロッテ/巨人,06/17,巨人,0,0,2,1,0,1,1,3,,,,,8,14,0,
楽天/阪神,06/17,楽天,1,0,1,0,0,0,0,6,0,,,,8,10,0,
楽天/阪神,06/17,阪神,0,0,0,2,0,0,0,0,0,,,,2,8,1,
西武/中日,06/17,西武,0,0,0,0,1,0,0,0,0,,,,1,2,1,
西武/中日,06/17,中日,0,2,0,1,0,0,0,1,,,,,4,8,0,
日本ハム/ヤクルト,06/17,日本ハム,0,0,0,0,0,0,0,0,0,,,,0,4,1,
日本ハム/ヤクルト,06/17,ヤクルト,0,0,3,1,0,0,1,0,,,,,5,9,0,
ソフトバンク/広島,06/18,ソフトバンク,1,3,0,0,1,0,0,2,0,,,,7,9,0,
ソフトバンク/広島,06/18,広島,1,1,0,0,0,0,0,0,2,,,,4,9,2,
ロッテ/巨人,06/18,ロッテ,0,0,0,0,1,0,0,2,0,0,0,2,5,10,0,
ロッテ/巨人,06/18,巨人,0,1,1,1,0,0,0,0,0,0,0,4,7,9,1,
楽天/阪神,06/18,楽天,0,0,0,0,0,1,0,0,0,,,,1,5,0,
楽天/阪神,06/18,阪神,0,0,0,0,0,0,0,0,0,,,,0,10,0,
西武/中日,06/18,西武,1,0,0,0,0,2,0,0,0,,,,3,7,1,
西武/中日,06/18,中日,2,0,1,0,0,0,1,0,,,,,4,8,0,
日本ハム/ヤクルト,06/18,日本ハム,0,0,0,2,0,2,2,0,0,,,,6,10,3,
日本ハム/ヤクルト,06/18,ヤクルト,0,0,0,0,0,0,0,0,3,,,,3,5,0,
オリックス/ＤｅＮＡ,06/19,オリックス,0,0,0,0,0,0,3,4,0,,,,7,11,1,
オリックス/ＤｅＮＡ,06/19,ＤｅＮＡ,0,0,0,1,0,3,0,0,0,,,,4,9,0,
ＤｅＮＡ/ヤクルト,06/23,ＤｅＮＡ,0,0,0,1,4,0,0,0,2,0,,,7,12,0,
ＤｅＮＡ/ヤクルト,06/23,ヤクルト,0,0,1,0,0,4,0,2,0,1,,,8,14,0,
ロッテ/オリックス,06/23,ロッテ,2,0,0,0,0,0,3,0,4,,,,9,16,1,
ロッテ/オリックス,06/23,オリックス,0,2,0,0,0,0,1,0,0,,,,3,7,0,
楽天/日本ハム,06/23,楽天,0,0,0,0,3,0,0,0,0,,,,3,7,0,
楽天/日本ハム,06/23,日本ハム,0,0,0,2,2,0,3,0,,,,,7,10,0,
阪神/広島,06/23,阪神,0,0,1,0,0,0,0,2,0,,,,3,11,1,
阪神/広島,06/23,広島,3,0,2,0,8,0,0,0,,,,,13,17,0,
西武/ソフトバンク,06/23,西武,0,0,0,0,0,0,0,0,0,,,,0,7,1,
西武/ソフトバンク,06/23,ソフトバンク,1,5,1,2,0,1,0,0,,,,,10,11,0,
中日/巨人,06/23,中日,0,0,0,1,0,0,0,0,0,,,,1,6,0,
中日/巨人,06/23,巨人,0,0,0,0,0,0,0,0,0,,,,0,4,0,
ＤｅＮＡ/ヤクルト,06/24,ＤｅＮＡ,2,0,0,0,2,1,0,0,0,,,,5,7,1,
ＤｅＮＡ/ヤクルト,06/24,ヤクルト,0,0,0,0,0,0,0,0,1,,,,1,7,1,
ロッテ/オリックス,06/24,ロッテ,1,0,0,0,0,0,0,0,0,,,,1,8,0,
ロッテ/オリックス,06/24,オリックス,0,0,0,1,0,0,0,1,,,,,2,4,0,
楽天/日本ハム,06/24,楽天,1,0,0,0,0,0,0,0,0,0,1,,2,8,0,
楽天/日本ハム,06/24,日本ハム,1,0,0,0,0,0,0,0,0,0,0,,1,9,1,
西武/ソフトバンク,06/24,西武,0,0,0,3,0,0,0,0,0,,,,3,8,0,
西武/ソフトバンク,06/24,ソフトバンク,0,1,0,0,0,1,0,0,0,,,,2,6,0,
中日/巨人,06/24,中日,0,0,1,1,0,0,5,0,1,,,,8,17,0,
中日/巨人,06/24,巨人,0,0,0,0,0,0,0,0,2,,,,2,4,2,
ＤｅＮＡ/ヤクルト,06/25,ＤｅＮＡ,0,0,1,1,0,0,4,0,0,,,,6,11,0,
ＤｅＮＡ/ヤクルト,06/25,ヤクルト,0,0,0,0,0,0,0,0,0,,,,0,4,0,
ロッテ/オリックス,06/25,ロッテ,0,1,0,0,0,0,0,0,0,,,,1,7,1,
ロッテ/オリックス,06/25,オリックス,0,0,0,1,0,2,0,2,,,,,5,9,1,
楽天/日本ハム,06/25,楽天,3,0,0,0,1,0,0,2,0,,,,6,10,0,
楽天/日本ハム,06/25,日本ハム,0,0,0,0,0,0,0,0,0,,,,0,5,2,
阪神/広島,06/25,阪神,0,0,0,0,0,0,0,0,0,,,,0,8,1,
阪神/広島,06/25,広島,1,0,0,3,0,0,0,1,,,,,5,7,0,
西武/ソフトバンク,06/25,西武,0,0,1,4,0,0,0,1,0,,,,6,10,0,
西武/ソフトバンク,06/25,ソフトバンク,1,0,0,0,0,2,1,1,2,,,,7,13,0,
中日/巨人,06/25,中日,0,0,0,1,0,2,0,0,0,,,,3,9,0,
中日/巨人,06/25,巨人,0,0,0,0,1,1,0,0,2,,,,4,8,0,
オリックス/楽天,06/26,オリックス,0,0,0,2,0,0,2,0,0,0,0,0,4,10,2,
オリックス/楽天,06/26,楽天,0,0,0,0,0,2,0,0,2,0,0,0,4,10,0,
巨人/ヤクルト,06/27,巨人,0,0,0,2,1,0,1,0,0,,,,4,7,3,
巨人/ヤクルト,06/27,ヤクルト,0,1,0,0,2,0,0,0,0,,,,3,6,0,
広島/ＤｅＮＡ,06/27,広島,0,1,1,0,0,0,2,0,0,,,,4,8,0,
広島/ＤｅＮＡ,06/27,ＤｅＮＡ,1,0,1,0,0,1,0,0,0,,,,3,7,0,
阪神/中日,06/27,阪神,0,0,0,0,0,0,1,0,0,,,,1,4,0,
阪神/中日,06/27,中日,1,0,0,1,0,0,0,1,,,,,3,6,1,
日本ハム/ソフトバンク,06/27,日本ハム,0,0,0,0,0,0,0,0,0,,,,0,1,0,
日本ハム/ソフトバンク,06/27,ソフトバンク,2,0,0,4,0,0,0,0,,,,,6,7,0,
オリックス/楽天,06/28,オリックス,0,0,1,0,0,0,0,1,0,,,,2,9,1,
オリックス/楽天,06/28,楽天,1,0,2,0,0,0,0,0,,,,,3,9,0,
ロッテ/西武,06/28,ロッテ,0,0,1,0,0,2,0,0,0,0,1,,4,7,0,
ロッテ/西武,06/28,西武,0,0,0,0,1,0,2,0,0,0,0,,3,7,1,
巨人/ヤクルト,06/28,巨人,0,0,0,0,0,2,0,0,0,,,,2,7,0,
巨人/ヤクルト,06/28,ヤクルト,1,0,0,3,0,0,0,0,,,,,4,6,1,
広島/ＤｅＮＡ,06/28,広島,3,0,1,1,0,0,1,0,2,,,,8,12,0,
広島/ＤｅＮＡ,06/28,ＤｅＮＡ,0,0,4,3,2,2,0,0,,,,,11,14,1,
阪神/中日,06/28,阪神,0,0,0,0,0,0,0,0,0,,,,0,2,1,
阪神/中日,06/28,中日,0,0,0,0,0,1,0,0,,,,,1,3,0,
日本ハム/ソフトバンク,06/28,日本ハム,0,0,3,0,1,0,0,1,0,,,,5,13,0,
日本ハム/ソフトバンク,06/28,ソフトバンク,0,2,1,1,1,0,0,1,,,,,6,8,1,
阪神/中日,06/29,阪神,0,0,0,0,0,0,0,0,0,,,,0,4,1,
阪神/中日,06/29,中日,1,0,0,0,0,0,1,0,,,,,2,9,0,
日本ハム/ソフトバンク,06/29,日本ハム,0,0,0,0,0,0,0,0,0,,,,0,6,1,
日本ハム/ソフトバンク,06/29,ソフトバンク,1,0,0,0,0,0,0,0,,,,,1,5,0,
ＤｅＮＡ/巨人,06/30,ＤｅＮＡ,0,0,0,1,0,0,2,0,0,,,,3,2,0,
ＤｅＮＡ/巨人,06/30,巨人,0,0,0,1,0,0,0,0,0,,,,1,5,0,
オリックス/西武,06/30,オリックス,0,0,1,0,2,0,0,0,0,,,,3,13,2,
オリックス/西武,06/30,西武,0,0,0,0,0,0,0,0,0,,,,0,4,1,
ソフトバンク/楽天,06/30,ソフトバンク,0,1,0,0,2,0,0,0,0,,,,3,11,0,
ソフトバンク/楽天,06/30,楽天,3,0,1,0,0,0,0,0,,,,,4,5,0,
ヤクルト/阪神,06/30,ヤクルト,0,0,0,0,4,0,0,0,0,,,,4,3,3,
ヤクルト/阪神,06/30,阪神,0,1,0,0,1,0,1,0,0,,,,3,7,0,
中日/広島,06/30,中日,1,1,0,1,0,0,0,0,0,,,,3,9,1,
中日/広島,06/30,広島,0,3,0,0,0,1,4,0,,,,,8,11,1,
日本ハム/ロッテ,06/30,日本ハム,0,0,0,0,0,0,6,1,0,,,,7,9,0,
日本ハム/ロッテ,06/30,ロッテ,1,0,0,0,0,0,0,0,3,,,,4,11,1,
ＤｅＮＡ/巨人,07/01,ＤｅＮＡ,2,0,0,0,0,0,0,0,4,,,,6,9,0,
ＤｅＮＡ/巨人,07/01,巨人,1,0,0,0,0,0,0,3,0,,,,4,8,1,
オリックス/西武,07/01,オリックス,0,4,0,0,0,0,0,0,0,,,,4,11,0,
オリックス/西武,07/01,西武,0,0,1,0,0,0,1,0,0,,,,2,6,0,
ソフトバンク/楽天,07/01,ソフトバンク,2,0,0,0,7,1,0,0,0,,,,10,16,2,
ソフトバンク/楽天,07/01,楽天,0,0,4,0,4,0,1,0,0,,,,9,12,0,
ヤクルト/阪神,07/01,ヤクルト,0,0,0,1,0,0,0,0,0,,,,1,5,1,
ヤクルト/阪神,07/01,阪神,0,0,3,0,0,0,0,0,,,,,3,7,1,
中日/広島,07/01,中日,0,0,0,0,0,1,0,0,0,,,,1,7,1,
中日/広島,07/01,広島,0,1,4,0,1,2,0,0,,,,,8,12,0,
日本ハム/ロッテ,07/01,日本ハム,0,0,0,0,0,0,3,0,0,,,,3,6,0,
日本ハム/ロッテ,07/01,ロッテ,0,0,1,0,2,4,0,0,,,,,7,12,3,
ＤｅＮＡ/巨人,07/02,ＤｅＮＡ,0,3,2,1,0,1,1,0,1,,,,9,19,0,
ＤｅＮＡ/巨人,07/02,巨人,0,0,0,0,1,0,0,0,0,,,,1,8,0,
オリックス/西武,07/02,オリックス,0,1,0,1,3,0,0,1,0,,,,6,13,1,
オリックス/西武,07/02,西武,2,0,0,1,0,0,0,0,0,,,,3,7,1,
ソフトバンク/楽天,07/02,ソフトバンク,0,1,0,0,0,0,0,4,0,,,,5,8,0,
ソフトバンク/楽天,07/02,楽天,2,0,0,0,0,1,0,1,0,,,,4,10,1,
ヤクルト/阪神,07/02,ヤクルト,0,0,0,0,0,3,0,1,0,,,,4,10,1,
ヤクルト/阪神,07/02,阪神,0,1,0,0,0,3,1,0,,,,,5,10,0,
中日/広島,07/02,中日,3,0,0,0,1,0,0,0,0,,,,4,14,0,
中日/広島,07/02,広島,0,0,0,1,0,0,2,3,,,,,6,7,2,
日本ハム/ロッテ,07/02,日本ハム,0,0,0,0,0,2,0,5,1,,,,8,13,0,
日本ハム/ロッテ,07/02,ロッテ,0,0,0,0,0,1,0,0,2,,,,3,8,0,
西武/日本ハム,07/03,西武,0,1,3,0,0,1,1,0,5,,,,11,15,0,
西武/日本ハム,07/03,日本ハム,2,0,0,1,0,0,1,0,0,,,,4,9,1,
オリックス/ソフトバンク,07/04,オリックス,0,0,0,0,0,0,0,0,0,,,,0,2,0,
オリックス/ソフトバンク,07/04,ソフトバンク,0,1,3,0,0,0,0,0,,,,,4,6,0,
ヤクルト/中日,07/04,ヤクルト,0,0,0,0,0,0,0,0,2,,,,2,5,1,
ヤクルト/中日,07/04,中日,1,2,0,0,4,0,0,0,,,,,7,13,0,
楽天/ロッテ,07/04,楽天,1,0,0,4,0,0,,,,,,,5,9,0,
楽天/ロッテ,07/04,ロッテ,1,0,0,0,0,,,,,,,,1,2,0,
巨人/広島,07/04,巨人,0,0,0,0,0,2,0,1,0,,,,3,10,1,
巨人/広島,07/04,広島,0,0,0,0,0,0,0,0,0,,,,0,4,0,
西武/日本ハム,07/04,西武,2,1,1,0,0,0,0,0,0,,,,4,10,0,
西武/日本ハム,07/04,日本ハム,0,0,0,1,0,0,0,0,0,,,,1,4,0,
オリックス/ソフトバンク,07/05,オリックス,0,0,0,2,0,1,0,0,0,,,,3,6,1,
オリックス/ソフトバンク,07/05,ソフトバンク,1,0,0,0,3,1,0,0,,,,,5,6,0,
ヤクルト/中日,07/05,ヤクルト,0,0,0,0,0,0,0,0,0,,,,0,2,1,
ヤクルト/中日,07/05,中日,0,2,0,0,0,1,0,0,,,,,3,7,1,
楽天/ロッテ,07/05,楽天,1,0,0,0,2,0,0,0,3,,,,6,12,0,
楽天/ロッテ,07/05,ロッテ,0,0,0,2,0,0,0,0,0,,,,2,7,0,
巨人/広島,07/05,巨人,0,1,0,0,0,0,2,0,2,,,,5,11,0,
巨人/広島,07/05,広島,0,0,0,0,0,0,0,0,0,,,,0,4,1,
阪神/ＤｅＮＡ,07/05,阪神,0,1,0,0,0,0,0,0,0,,,,1,6,0,
阪神/ＤｅＮＡ,07/05,ＤｅＮＡ,0,0,0,2,1,0,0,1,,,,,4,12,1,
ヤクルト/中日,07/06,ヤクルト,0,0,0,0,0,3,0,0,0,,,,3,7,1,
ヤクルト/中日,07/06,中日,1,0,2,0,0,1,0,0,,,,,4,12,0,
巨人/広島,07/06,巨人,2,0,0,1,1,0,1,0,0,,,,5,8,1,
巨人/広島,07/06,広島,1,0,2,1,0,1,1,0,,,,,6,9,3,
阪神/ＤｅＮＡ,07/06,阪神,1,0,3,0,3,0,0,1,2,,,,10,16,0,
阪神/ＤｅＮＡ,07/06,ＤｅＮＡ,2,1,0,0,0,2,0,0,0,,,,5,11,3,
西武/日本ハム,07/06,西武,0,0,4,0,0,3,0,0,0,,,,7,12,2,
西武/日本ハム,07/06,日本ハム,0,1,2,1,1,0,0,1,0,,,,6,10,1,
ＤｅＮＡ/中日,07/07,ＤｅＮＡ,0,0,0,0,0,0,1,0,0,,,,1,4,0,
ＤｅＮＡ/中日,07/07,中日,0,0,1,0,1,0,0,0,,,,,2,8,0,
ソフトバンク/日本ハム,07/07,ソフトバンク,0,0,3,1,0,0,0,0,0,,,,4,10,0,
ソフトバンク/日本ハム,07/07,日本ハム,0,0,1,0,0,0,0,0,0,,,,1,6,0,
ロッテ/オリックス,07/07,ロッテ,0,0,0,0,0,0,1,0,2,,,,3,5,1,
ロッテ/オリックス,07/07,オリックス,0,0,0,0,1,0,0,0,0,,,,1,9,0,
巨人/阪神,07/07,巨人,2,0,0,0,1,0,1,0,1,,,,5,13,0,
巨人/阪神,07/07,阪神,1,0,0,0,0,0,0,0,0,,,,1,5,0,
広島/ヤクルト,07/07,広島,0,0,0,1,0,0,2,0,6,,,,9,15,0,
広島/ヤクルト,07/07,ヤクルト,2,0,0,2,3,0,1,0,0,,,,8,9,1,
西武/楽天,07/07,西武,0,0,2,0,0,3,0,0,0,,,,5,9,1,
西武/楽天,07/07,楽天,0,0,0,0,0,0,0,0,0,,,,0,5,1,
ＤｅＮＡ/中日,07/08,ＤｅＮＡ,0,0,2,0,1,6,0,0,0,,,,9,12,0,
ＤｅＮＡ/中日,07/08,中日,0,0,0,0,0,0,0,0,0,,,,0,5,1,
ソフトバンク/日本ハム,07/08,ソフトバンク,2,0,1,0,0,0,1,1,0,,,,5,9,0,
ソフトバンク/日本ハム,07/08,日本ハム,0,0,0,1,0,1,0,0,0,,,,2,7,1,
ロッテ/オリックス,07/08,ロッテ,0,0,0,0,1,2,0,2,1,,,,6,9,1,
ロッテ/オリックス,07/08,オリックス,0,1,0,0,0,1,0,0,0,,,,2,3,0,
巨人/阪神,07/08,巨人,3,0,0,0,0,3,1,0,1,,,,8,14,0,
巨人/阪神,07/08,阪神,1,0,0,0,0,0,0,0,0,,,,1,6,1,
広島/ヤクルト,07/08,広島,1,1,2,0,0,4,0,0,0,,,,8,11,0,
広島/ヤクルト,07/08,ヤクルト,1,0,0,0,0,0,1,0,0,,,,2,4,0,
西武/楽天,07/08,西武,0,0,0,0,0,0,0,2,0,,,,2,3,1,
西武/楽天,07/08,楽天,0,2,0,0,0,0,0,2,,,,,4,7,2,
ＤｅＮＡ/中日,07/09,ＤｅＮＡ,0,0,4,0,0,0,3,0,0,,,,7,10,2,
ＤｅＮＡ/中日,07/09,中日,0,0,1,0,2,0,0,0,0,,,,3,8,0,
ソフトバンク/日本ハム,07/09,ソフトバンク,0,0,0,0,0,0,0,0,0,,,,0,7,0,
ソフトバンク/日本ハム,07/09,日本ハム,0,0,0,0,1,0,1,0,,,,,2,4,0,
ロッテ/オリックス,07/09,ロッテ,0,0,0,0,0,0,0,0,0,,,,0,7,0,
ロッテ/オリックス,07/09,オリックス,0,0,2,0,0,0,0,2,,,,,4,12,0,
巨人/阪神,07/09,巨人,0,0,0,2,1,0,0,0,3,,,,6,7,0,
巨人/阪神,07/09,阪神,0,0,2,1,3,0,0,0,1,,,,7,12,0,
広島/ヤクルト,07/09,広島,0,0,0,0,0,2,0,0,1,0,0,0,3,13,0,
広島/ヤクルト,07/09,ヤクルト,0,0,0,0,3,0,0,0,0,0,0,0,3,7,0,
西武/楽天,07/09,西武,4,0,0,0,0,0,0,0,0,,,,4,10,1,
西武/楽天,07/09,楽天,2,0,2,0,0,0,1,0,,,,,5,12,1,
ＤｅＮＡ/広島,07/10,ＤｅＮＡ,0,0,1,0,0,0,0,0,0,,,,1,6,0,
ＤｅＮＡ/広島,07/10,広島,0,0,0,0,0,0,2,3,,,,,5,12,0,
ヤクルト/巨人,07/10,ヤクルト,0,0,0,2,0,0,0,0,0,,,,2,6,1,
ヤクルト/巨人,07/10,巨人,0,0,0,0,0,2,1,0,,,,,3,7,0,
ロッテ/西武,07/10,ロッテ,0,1,2,0,0,0,0,0,0,,,,3,5,0,
ロッテ/西武,07/10,西武,0,0,2,1,0,1,1,0,,,,,5,7,0,
日本ハム/オリックス,07/10,日本ハム,0,0,0,0,0,0,0,0,0,,,,0,7,2,
日本ハム/オリックス,07/10,オリックス,3,0,2,0,2,0,4,0,,,,,11,11,1,
ＤｅＮＡ/広島,07/11,ＤｅＮＡ,0,0,2,0,1,2,0,0,0,,,,5,12,0,
ＤｅＮＡ/広島,07/11,広島,0,2,0,0,0,0,0,0,0,,,,2,3,2,
ヤクルト/巨人,07/11,ヤクルト,0,0,0,0,0,0,0,0,0,,,,0,5,0,
ヤクルト/巨人,07/11,巨人,0,0,0,1,0,1,0,0,,,,,2,4,1,
ロッテ/西武,07/11,ロッテ,0,1,0,0,0,3,2,0,0,,,,6,11,0,
ロッテ/西武,07/11,西武,1,6,4,4,0,0,1,0,,,,,16,17,1,
楽天/ソフトバンク,07/11,楽天,0,0,0,0,0,1,3,0,1,,,,5,9,0,
楽天/ソフトバンク,07/11,ソフトバンク,1,2,1,0,0,0,0,0,0,,,,4,7,1,
中日/阪神,07/11,中日,1,0,0,0,0,0,0,0,0,,,,1,10,2,
中日/阪神,07/11,阪神,0,1,3,1,5,0,0,0,,,,,10,14,1,
日本ハム/オリックス,07/11,日本ハム,0,0,0,1,0,0,0,0,0,,,,1,6,1,
日本ハム/オリックス,07/11,オリックス,1,3,3,1,0,0,0,0,,,,,8,13,0,
ＤｅＮＡ/広島,07/12,ＤｅＮＡ,0,0,0,0,1,0,0,0,0,,,,1,7,0,
ＤｅＮＡ/広島,07/12,広島,0,0,2,0,0,0,3,0,,,,,5,12,0,
ヤクルト/巨人,07/12,ヤクルト,1,0,0,0,0,1,1,0,0,,,,3,12,1,
ヤクルト/巨人,07/12,巨人,1,0,0,1,5,0,1,0,,,,,8,12,0,
ロッテ/西武,07/12,ロッテ,0,0,0,1,1,1,0,0,0,,,,3,9,1,
ロッテ/西武,07/12,西武,0,3,0,1,0,0,1,1,,,,,6,12,1,
楽天/ソフトバンク,07/12,楽天,0,0,0,0,2,0,0,0,0,,,,2,5,0,
楽天/ソフトバンク,07/12,ソフトバンク,0,0,0,0,0,0,0,0,0,,,,0,3,0,
中日/阪神,07/12,中日,2,0,0,0,0,2,0,0,0,,,,4,6,0,
中日/阪神,07/12,阪神,0,1,0,0,0,3,0,1,,,,,5,11,0,
日本ハム/オリックス,07/12,日本ハム,0,0,1,0,2,0,0,0,0,,,,3,6,0,
日本ハム/オリックス,07/12,オリックス,0,5,0,1,0,0,0,0,,,,,6,8,0,
オリックス/ロッテ,07/17,オリックス,0,0,0,0,1,0,0,0,1,,,,2,8,0,
オリックス/ロッテ,07/17,ロッテ,1,0,0,0,0,0,0,0,2,,,,3,9,1,
ヤクルト/ＤｅＮＡ,07/17,ヤクルト,0,0,0,0,0,0,0,0,1,,,,1,5,0,
ヤクルト/ＤｅＮＡ,07/17,ＤｅＮＡ,0,0,1,0,0,1,0,0,,,,,2,7,0,
巨人/中日,07/17,巨人,1,1,0,0,0,2,1,0,0,,,,5,9,0,
巨人/中日,07/17,中日,0,0,0,0,0,1,0,0,0,,,,1,8,0,
広島/阪神,07/17,広島,0,0,1,0,0,0,0,0,0,,,,1,6,0,
広島/阪神,07/17,阪神,0,0,0,2,0,0,0,0,,,,,2,10,0,
西武/ソフトバンク,07/17,西武,0,0,1,0,0,0,0,0,0,,,,1,5,0,
西武/ソフトバンク,07/17,ソフトバンク,0,0,0,1,1,0,0,1,,,,,3,10,0,
オリックス/ロッテ,07/18,オリックス,0,0,0,0,0,0,0,0,0,,,,0,2,0,
オリックス/ロッテ,07/18,ロッテ,0,0,0,0,0,1,3,0,,,,,4,7,1,
ヤクルト/ＤｅＮＡ,07/18,ヤクルト,0,0,0,0,0,0,0,0,0,,,,0,3,0,
ヤクルト/ＤｅＮＡ,07/18,ＤｅＮＡ,0,0,0,1,0,0,0,0,,,,,1,4,0,
楽天/日本ハム,07/18,楽天,0,0,1,0,0,1,0,3,0,,,,5,11,0,
楽天/日本ハム,07/18,日本ハム,0,0,0,0,0,1,0,0,0,,,,1,6,0,
巨人/中日,07/18,巨人,0,0,0,0,1,0,0,0,0,,,,1,7,1,
巨人/中日,07/18,中日,0,0,0,1,1,2,0,2,,,,,6,10,1,
広島/阪神,07/18,広島,0,5,1,2,0,0,1,0,0,,,,9,12,0,
広島/阪神,07/18,阪神,0,0,0,0,0,0,0,3,2,,,,5,7,1,
西武/ソフトバンク,07/18,西武,0,0,0,0,0,1,0,0,0,,,,1,7,0,
西武/ソフトバンク,07/18,ソフトバンク,0,0,0,2,1,0,0,0,,,,,3,5,0,
ヤクルト/ＤｅＮＡ,07/19,ヤクルト,0,1,0,0,0,1,1,0,0,,,,3,6,0,
ヤクルト/ＤｅＮＡ,07/19,ＤｅＮＡ,0,1,1,0,0,0,1,2,,,,,5,11,0,
楽天/日本ハム,07/19,楽天,0,1,0,0,0,1,0,1,0,,,,3,13,1,
楽天/日本ハム,07/19,日本ハム,0,0,0,0,0,0,0,2,0,,,,2,2,0,
巨人/中日,07/19,巨人,4,0,0,1,0,0,0,1,0,,,,6,13,0,
巨人/中日,07/19,中日,0,0,0,0,0,0,0,2,3,,,,5,14,0,
広島/阪神,07/19,広島,0,0,0,0,0,2,1,8,3,,,,14,15,1,
広島/阪神,07/19,阪神,0,2,0,0,0,0,1,0,0,,,,3,7,2,
西武/ソフトバンク,07/19,西武,2,0,0,1,2,0,0,1,0,,,,6,14,0,
西武/ソフトバンク,07/19,ソフトバンク,0,0,1,3,1,1,0,4,,,,,10,14,0,
楽天/日本ハム,07/20,楽天,0,0,0,0,0,3,0,0,0,0,0,,3,12,0,
楽天/日本ハム,07/20,日本ハム,0,0,0,0,0,0,0,3,0,0,1,,4,14,0,
オリックス/楽天,07/21,オリックス,0,0,1,0,2,0,0,0,0,0,,,3,5,1,
オリックス/楽天,07/21,楽天,0,0,0,0,1,0,1,1,0,1,,,4,7,1,
ロッテ/ソフトバンク,07/21,ロッテ,1,0,0,0,0,0,0,0,0,,,,1,4,0,
ロッテ/ソフトバンク,07/21,ソフトバンク,1,0,0,0,1,0,0,0,,,,,2,5,1,
巨人/ＤｅＮＡ,07/21,巨人,0,0,0,3,0,0,0,0,0,0,0,0,3,9,2,
巨人/ＤｅＮＡ,07/21,ＤｅＮＡ,0,0,0,1,1,1,0,0,0,0,0,0,3,10,1,
阪神/ヤクルト,07/21,阪神,0,1,0,2,0,4,1,0,3,,,,11,12,0,
阪神/ヤクルト,07/21,ヤクルト,0,0,0,0,0,0,0,0,1,,,,1,8,1,
中日/広島,07/21,中日,0,3,3,0,1,0,1,0,0,,,,8,8,2,
中日/広島,07/21,広島,1,0,1,0,1,0,1,1,0,,,,5,11,2,
日本ハム/西武,07/21,日本ハム,0,1,0,0,0,2,0,1,1,,,,5,11,0,
日本ハム/西武,07/21,西武,1,0,0,2,2,3,0,0,,,,,8,8,1,
オリックス/楽天,07/22,オリックス,1,1,0,1,0,0,3,1,0,,,,7,15,1,
オリックス/楽天,07/22,楽天,1,3,0,2,1,0,1,0,,,,,8,11,0,
ロッテ/ソフトバンク,07/22,ロッテ,0,0,0,0,0,0,0,0,0,,,,0,1,1,
ロッテ/ソフトバンク,07/22,ソフトバンク,0,0,0,1,0,0,1,0,,,,,2,5,1,
巨人/ＤｅＮＡ,07/22,巨人,3,0,0,0,0,0,0,0,0,,,,3,6,1,
巨人/ＤｅＮＡ,07/22,ＤｅＮＡ,0,0,0,0,0,0,0,0,1,,,,1,5,0,
阪神/ヤクルト,07/22,阪神,0,2,0,0,0,0,0,0,0,,,,2,4,0,
阪神/ヤクルト,07/22,ヤクルト,2,2,0,0,0,2,0,0,,,,,6,7,1,
中日/広島,07/22,中日,0,0,0,0,0,2,0,0,1,,,,3,6,0,
中日/広島,07/22,広島,0,0,0,1,4,0,1,0,,,,,6,9,0,
日本ハム/西武,07/22,日本ハム,0,0,0,0,0,0,0,0,0,,,,0,4,0,
日本ハム/西武,07/22,西武,2,0,1,0,0,0,1,0,,,,,4,6,0,
オリックス/楽天,07/23,オリックス,0,0,0,2,0,0,0,0,0,,,,2,7,0,
オリックス/楽天,07/23,楽天,0,0,0,0,0,0,0,2,1,,,,3,6,2,
ロッテ/ソフトバンク,07/23,ロッテ,0,1,1,0,1,0,0,0,0,,,,3,8,0,
ロッテ/ソフトバンク,07/23,ソフトバンク,0,1,0,0,0,0,0,0,0,,,,1,7,0,
巨人/ＤｅＮＡ,07/23,巨人,0,0,2,0,0,0,0,4,0,,,,6,9,0,
巨人/ＤｅＮＡ,07/23,ＤｅＮＡ,1,0,0,0,0,5,0,0,2,,,,8,13,1,
阪神/ヤクルト,07/23,阪神,0,0,1,0,0,0,4,0,0,,,,5,10,0,
阪神/ヤクルト,07/23,ヤクルト,0,0,0,0,0,0,0,0,0,,,,0,6,1,
中日/広島,07/23,中日,0,0,0,0,0,0,1,0,0,,,,1,3,0,
中日/広島,07/23,広島,0,0,1,3,4,2,1,1,,,,,12,18,0,
日本ハム/西武,07/23,日本ハム,0,0,0,2,0,0,0,0,0,,,,2,12,1,
日本ハム/西武,07/23,西武,0,1,1,0,6,0,0,1,,,,,9,14,0,
ＤｅＮＡ/阪神,07/25,ＤｅＮＡ,0,0,0,0,0,0,1,0,0,,,,1,4,1,
ＤｅＮＡ/阪神,07/25,阪神,0,0,0,0,0,0,0,0,0,,,,0,2,0,
オリックス/西武,07/25,オリックス,1,0,0,0,0,1,0,0,0,,,,2,10,0,
オリックス/西武,07/25,西武,0,0,0,1,3,0,3,0,,,,,7,11,1,
ロッテ/日本ハム,07/25,ロッテ,0,0,1,1,2,0,0,0,0,,,,4,13,0,
ロッテ/日本ハム,07/25,日本ハム,0,0,0,0,0,0,0,0,0,,,,0,6,0,
広島/巨人,07/25,広島,0,0,0,0,0,0,0,2,0,,,,2,8,0,
広島/巨人,07/25,巨人,0,0,0,0,0,0,0,0,1,,,,1,6,0,
中日/ヤクルト,07/25,中日,1,0,0,3,1,0,0,3,0,0,,,8,9,3,
中日/ヤクルト,07/25,ヤクルト,2,0,2,1,1,0,1,1,0,1,,,9,16,2,
ＤｅＮＡ/阪神,07/26,ＤｅＮＡ,0,3,0,0,1,0,0,2,0,,,,6,11,1,
ＤｅＮＡ/阪神,07/26,阪神,0,0,0,0,1,0,2,1,1,,,,5,9,1,
オリックス/西武,07/26,オリックス,2,0,0,0,0,0,0,0,0,,,,2,6,0,
オリックス/西武,07/26,西武,2,0,0,3,1,0,0,0,,,,,6,9,0,
ソフトバンク/楽天,07/26,ソフトバンク,0,0,0,1,0,0,0,0,0,,,,1,5,0,
ソフトバンク/楽天,07/26,楽天,0,0,0,1,0,0,1,2,,,,,4,8,0,
ロッテ/日本ハム,07/26,ロッテ,0,1,0,0,0,0,1,0,0,,,,2,6,1,
ロッテ/日本ハム,07/26,日本ハム,1,0,0,0,0,0,2,1,,,,,4,8,1,
広島/巨人,07/26,広島,2,0,2,0,1,0,0,1,1,,,,7,8,0,
広島/巨人,07/26,巨人,0,0,0,0,0,0,1,1,0,,,,2,7,2,
中日/ヤクルト,07/26,中日,0,3,0,3,4,0,0,0,0,0,,,10,11,1,
中日/ヤクルト,07/26,ヤクルト,0,0,0,0,0,0,2,8,0,1,,,11,15,2,
ＤｅＮＡ/阪神,07/27,ＤｅＮＡ,1,1,0,0,0,0,0,0,1,,,,3,7,1,
ＤｅＮＡ/阪神,07/27,阪神,0,0,0,3,0,0,0,7,,,,,10,10,1,
オリックス/西武,07/27,オリックス,0,0,0,0,0,0,0,0,0,,,,0,7,0,
オリックス/西武,07/27,西武,0,0,1,0,0,0,0,1,,,,,2,8,1,
ソフトバンク/楽天,07/27,ソフトバンク,0,0,0,2,0,1,0,1,1,,,,5,10,0,
ソフトバンク/楽天,07/27,楽天,0,0,0,0,0,0,1,0,0,,,,1,5,0,
広島/巨人,07/27,広島,0,0,1,1,0,0,1,0,0,,,,3,7,1,
広島/巨人,07/27,巨人,1,0,0,3,0,0,0,0,,,,,4,8,0,
中日/ヤクルト,07/27,中日,0,1,0,0,0,0,0,1,0,,,,2,8,1,
中日/ヤクルト,07/27,ヤクルト,2,0,1,4,0,3,1,0,,,,,11,15,1,
ヤクルト/広島,07/28,ヤクルト,0,0,0,1,0,0,0,0,0,,,,1,8,1,
ヤクルト/広島,07/28,広島,0,1,3,0,1,0,0,2,,,,,7,10,0,
楽天/オリックス,07/28,楽天,1,0,0,1,0,0,3,0,0,,,,5,11,0,
楽天/オリックス,07/28,オリックス,0,1,1,0,5,0,4,0,,,,,11,9,1,
阪神/中日,07/28,阪神,0,2,0,2,0,0,0,1,0,,,,5,11,1,
阪神/中日,07/28,中日,0,0,0,0,0,0,0,0,0,,,,0,6,1,
西武/ロッテ,07/28,西武,2,0,0,0,0,0,1,0,2,,,,5,7,0,
西武/ロッテ,07/28,ロッテ,0,0,2,0,2,0,0,0,0,,,,4,6,1,
ＤｅＮＡ/巨人,07/29,ＤｅＮＡ,0,0,0,0,0,0,0,1,0,,,,1,8,0,
ＤｅＮＡ/巨人,07/29,巨人,4,0,1,0,0,0,0,0,,,,,5,5,0,
ヤクルト/広島,07/29,ヤクルト,1,0,0,0,1,4,0,0,3,,,,9,11,1,
ヤクルト/広島,07/29,広島,0,1,0,0,0,0,0,0,0,,,,1,8,1,
楽天/オリックス,07/29,楽天,0,0,0,2,0,0,0,0,0,,,,2,6,0,
楽天/オリックス,07/29,オリックス,0,0,1,0,1,3,0,0,,,,,5,8,0,
阪神/中日,07/29,阪神,0,0,0,0,0,2,0,0,0,2,,,4,7,1,
阪神/中日,07/29,中日,0,0,0,0,0,0,2,0,0,0,,,2,9,0,
西武/ロッテ,07/29,西武,0,0,1,0,0,0,2,0,3,,,,6,9,0,
西武/ロッテ,07/29,ロッテ,0,0,0,0,0,0,0,0,1,,,,1,7,1,
日本ハム/ソフトバンク,07/29,日本ハム,0,0,0,0,0,0,0,0,0,,,,0,3,0,
日本ハム/ソフトバンク,07/29,ソフトバンク,0,0,2,0,0,0,0,2,,,,,4,5,0,
ＤｅＮＡ/巨人,07/30,ＤｅＮＡ,0,0,1,0,0,0,3,0,0,,,,4,8,0,
ＤｅＮＡ/巨人,07/30,巨人,1,0,0,0,0,0,0,2,2,,,,5,10,0,
ヤクルト/広島,07/30,ヤクルト,0,0,0,0,0,0,0,0,1,,,,1,8,2,
ヤクルト/広島,07/30,広島,0,0,0,1,0,8,0,5,,,,,14,14,0,
楽天/オリックス,07/30,楽天,0,1,0,0,0,0,1,0,2,,,,4,11,0,
楽天/オリックス,07/30,オリックス,0,1,0,2,0,0,0,0,0,,,,3,8,0,
阪神/中日,07/30,阪神,0,0,0,0,0,0,0,0,0,,,,0,4,1,
阪神/中日,07/30,中日,0,1,2,3,0,0,0,1,,,,,7,11,0,
西武/ロッテ,07/30,西武,1,0,6,0,0,0,0,0,0,,,,7,8,0,
西武/ロッテ,07/30,ロッテ,0,1,1,0,0,0,1,0,0,,,,3,8,1,
日本ハム/ソフトバンク,07/30,日本ハム,0,0,0,1,0,1,0,1,0,,,,3,4,0,
日本ハム/ソフトバンク,07/30,ソフトバンク,1,1,0,0,2,0,0,0,,,,,4,9,0,
日本ハム/ソフトバンク,07/31,日本ハム,1,2,0,0,0,0,0,0,0,,,,3,6,0,
日本ハム/ソフトバンク,07/31,ソフトバンク,0,0,5,0,0,0,0,0,,,,,5,12,0,
ソフトバンク/オリックス,08/01,ソフトバンク,0,0,0,0,1,0,0,0,3,0,0,0,4,10,0,
ソフトバンク/オリックス,08/01,オリックス,0,0,1,1,2,0,0,0,0,0,0,1,5,11,0,
楽天/西武,08/01,楽天,0,0,0,0,0,0,0,0,0,,,,0,3,1,
楽天/西武,08/01,西武,0,0,2,1,0,5,0,0,,,,,8,6,1,
巨人/ヤクルト,08/01,巨人,0,0,1,0,4,0,2,0,3,,,,10,18,0,
巨人/ヤクルト,08/01,ヤクルト,2,0,0,0,0,0,0,0,1,,,,3,9,0,
阪神/広島,08/01,阪神,0,0,0,0,2,0,1,0,0,,,,3,8,1,
阪神/広島,08/01,広島,3,0,0,1,0,0,0,0,,,,,4,6,0,
ソフトバンク/オリックス,08/02,ソフトバンク,1,0,0,1,1,0,0,2,0,,,,5,6,0,
ソフトバンク/オリックス,08/02,オリックス,1,0,0,0,0,0,0,0,0,,,,1,6,0,
楽天/西武,08/02,楽天,1,0,0,0,1,0,0,2,0,,,,4,8,0,
楽天/西武,08/02,西武,0,0,3,1,0,2,0,1,,,,,7,10,0,
巨人/ヤクルト,08/02,巨人,3,0,2,0,0,2,0,0,3,,,,10,15,0,
巨人/ヤクルト,08/02,ヤクルト,0,0,0,1,0,2,0,1,0,,,,4,10,1,
阪神/広島,08/02,阪神,0,0,2,0,0,0,0,0,2,,,,4,8,0,
阪神/広島,08/02,広島,2,0,0,0,0,0,0,1,0,,,,3,7,1,
中日/ＤｅＮＡ,08/02,中日,0,0,0,0,0,2,0,0,2,0,0,0,4,12,1,
中日/ＤｅＮＡ,08/02,ＤｅＮＡ,0,0,0,0,2,0,0,2,0,0,0,0,4,9,2,
日本ハム/ロッテ,08/02,日本ハム,0,0,0,0,0,0,1,0,1,,,,2,11,2,
日本ハム/ロッテ,08/02,ロッテ,0,2,0,0,0,1,0,1,,,,,4,12,0,
ソフトバンク/オリックス,08/03,ソフトバンク,3,1,0,0,1,0,0,0,0,,,,5,7,0,
ソフトバンク/オリックス,08/03,オリックス,1,0,0,0,0,0,0,2,0,,,,3,11,0,
楽天/西武,08/03,楽天,0,0,0,0,0,1,0,0,0,,,,1,3,1,
楽天/西武,08/03,西武,3,0,0,0,0,1,4,0,,,,,8,11,0,
巨人/ヤクルト,08/03,巨人,4,1,0,0,0,0,0,0,0,,,,5,12,0,
巨人/ヤクルト,08/03,ヤクルト,1,0,0,2,0,2,2,0,,,,,7,13,2,
阪神/広島,08/03,阪神,4,0,0,1,0,0,0,0,0,0,0,0,5,13,0,
阪神/広島,08/03,広島,1,0,0,0,1,0,0,0,3,0,0,0,5,10,1,
中日/ＤｅＮＡ,08/03,中日,0,2,0,1,0,0,0,0,0,,,,3,5,0,
中日/ＤｅＮＡ,08/03,ＤｅＮＡ,0,2,2,0,0,0,0,0,,,,,4,11,0,
日本ハム/ロッテ,08/03,日本ハム,2,0,0,0,0,0,1,0,0,,,,3,11,0,
日本ハム/ロッテ,08/03,ロッテ,0,0,0,0,0,0,1,0,1,,,,2,10,1,
ソフトバンク/西武,08/04,ソフトバンク,0,0,0,2,0,1,0,0,1,,,,4,9,0,
ソフトバンク/西武,08/04,西武,1,0,0,0,3,0,4,0,,,,,8,13,0,
ヤクルト/阪神,08/04,ヤクルト,0,0,0,0,0,0,0,0,0,,,,0,4,1,
ヤクルト/阪神,08/04,阪神,0,0,0,0,1,0,2,0,,,,,3,3,0,
ロッテ/楽天,08/04,ロッテ,2,0,0,0,0,0,0,0,0,,,,2,5,1,
ロッテ/楽天,08/04,楽天,0,0,1,0,0,0,0,0,2,,,,3,5,0,
広島/ＤｅＮＡ,08/04,広島,3,0,0,0,0,0,0,0,0,,,,3,7,1,
広島/ＤｅＮＡ,08/04,ＤｅＮＡ,0,5,0,3,0,4,0,1,,,,,13,14,1,
中日/巨人,08/04,中日,0,1,0,0,1,2,0,1,0,1,,,6,13,0,
中日/巨人,08/04,巨人,1,1,0,1,0,0,1,0,1,0,,,5,12,0,
オリックス/日本ハム,08/05,オリックス,0,0,3,0,0,0,3,0,0,,,,6,10,1,
オリックス/日本ハム,08/05,日本ハム,0,0,1,0,3,0,0,0,0,,,,4,11,0,
ソフトバンク/西武,08/05,ソフトバンク,0,0,0,4,1,0,2,0,0,1,,,8,11,0,
ソフトバンク/西武,08/05,西武,0,0,0,0,0,1,0,2,4,0,,,7,13,2,
ヤクルト/阪神,08/05,ヤクルト,0,0,0,0,0,0,0,0,0,,,,0,3,1,
ヤクルト/阪神,08/05,阪神,1,1,0,0,2,0,0,0,,,,,4,6,0,
ロッテ/楽天,08/05,ロッテ,1,0,0,0,0,0,0,3,1,,,,5,12,0,
ロッテ/楽天,08/05,楽天,1,0,2,0,2,0,0,3,,,,,8,14,1,
広島/ＤｅＮＡ,08/05,広島,1,0,0,1,2,1,2,0,0,,,,7,11,0,
広島/ＤｅＮＡ,08/05,ＤｅＮＡ,3,0,0,0,0,1,0,0,0,,,,4,8,0,
中日/巨人,08/05,中日,0,1,0,0,0,0,0,0,1,,,,2,10,0,
中日/巨人,08/05,巨人,0,1,4,3,0,0,0,0,,,,,8,10,0,
オリックス/日本ハム,08/06,オリックス,0,0,2,3,0,0,0,0,0,,,,5,8,0,
オリックス/日本ハム,08/06,日本ハム,0,0,0,2,0,0,0,0,0,,,,2,8,0,
ソフトバンク/西武,08/06,ソフトバンク,0,0,0,0,1,0,0,0,0,,,,1,4,1,
ソフトバンク/西武,08/06,西武,0,1,0,0,4,0,0,1,,,,,6,6,1,
ヤクルト/阪神,08/06,ヤクルト,0,1,0,3,0,0,0,0,1,,,,5,9,0,
ヤクルト/阪神,08/06,阪神,0,0,2,0,1,0,3,0,,,,,6,9,2,
ロッテ/楽天,08/06,ロッテ,0,1,0,0,0,1,0,0,1,,,,3,6,1,
ロッテ/楽天,08/06,楽天,0,0,0,0,0,0,0,1,0,,,,1,4,0,
広島/ＤｅＮＡ,08/06,広島,0,0,0,3,4,0,0,1,1,,,,9,14,1,
広島/ＤｅＮＡ,08/06,ＤｅＮＡ,0,0,0,2,1,0,0,1,0,,,,4,6,1,
中日/巨人,08/06,中日,0,0,1,0,3,0,0,1,0,,,,5,8,2,
中日/巨人,08/06,巨人,0,0,0,4,0,0,0,0,0,,,,4,10,0,
ＤｅＮＡ/ヤクルト,08/08,ＤｅＮＡ,2,0,0,0,0,3,0,0,0,,,,5,10,1,
ＤｅＮＡ/ヤクルト,08/08,ヤクルト,0,0,4,0,2,0,0,2,,,,,8,10,0,
ソフトバンク/ロッテ,08/08,ソフトバンク,0,0,0,0,0,2,6,0,0,,,,8,11,2,
ソフトバンク/ロッテ,08/08,ロッテ,0,1,2,5,0,3,1,5,,,,,17,19,1,
広島/中日,08/08,広島,0,0,0,0,0,0,1,0,0,0,0,0,1,6,0,
広島/中日,08/08,中日,0,1,0,0,0,0,0,0,0,0,0,0,1,9,1,
阪神/巨人,08/08,阪神,0,0,0,0,0,0,0,0,1,,,,1,7,0,
阪神/巨人,08/08,巨人,1,1,4,0,0,0,0,0,,,,,6,9,1,
西武/オリックス,08/08,西武,0,0,1,3,1,1,0,0,0,,,,6,10,2,
西武/オリックス,08/08,オリックス,1,2,2,4,2,0,1,0,,,,,12,12,2,
ＤｅＮＡ/ヤクルト,08/09,ＤｅＮＡ,0,3,2,0,0,0,0,0,2,,,,7,7,0,
ＤｅＮＡ/ヤクルト,08/09,ヤクルト,0,1,0,0,0,0,0,0,1,,,,2,7,0,
ソフトバンク/ロッテ,08/09,ソフトバンク,0,0,3,0,0,0,0,0,0,,,,3,9,1,
ソフトバンク/ロッテ,08/09,ロッテ,0,0,0,1,0,1,0,0,0,,,,2,5,0,
広島/中日,08/09,広島,0,0,1,0,0,0,0,0,0,,,,1,5,1,
広島/中日,08/09,中日,1,0,0,0,2,4,0,0,,,,,7,14,0,
阪神/巨人,08/09,阪神,1,0,1,0,0,0,1,0,2,,,,5,12,0,
阪神/巨人,08/09,巨人,0,0,0,0,0,1,3,0,0,,,,4,6,0,
西武/オリックス,08/09,西武,0,0,2,2,3,0,1,0,0,,,,8,11,0,
西武/オリックス,08/09,オリックス,0,1,0,3,0,0,0,0,0,,,,4,10,2,
日本ハム/楽天,08/09,日本ハム,1,0,0,3,0,0,1,0,0,,,,5,12,0,
日本ハム/楽天,08/09,楽天,1,0,5,0,0,0,0,0,,,,,6,8,1,
ＤｅＮＡ/ヤクルト,08/10,ＤｅＮＡ,0,0,0,0,1,0,0,2,3,,,,6,6,0,
ＤｅＮＡ/ヤクルト,08/10,ヤクルト,0,1,0,0,0,0,0,0,0,,,,1,4,1,
ソフトバンク/ロッテ,08/10,ソフトバンク,3,0,0,3,0,0,0,0,0,,,,6,10,0,
ソフトバンク/ロッテ,08/10,ロッテ,0,0,2,0,2,1,0,0,0,,,,5,7,0,
広島/中日,08/10,広島,2,3,0,0,0,0,0,0,0,,,,5,7,0,
広島/中日,08/10,中日,1,2,1,0,1,0,0,0,1,,,,6,10,0,
阪神/巨人,08/10,阪神,0,2,0,0,0,0,0,0,0,,,,2,9,1,
阪神/巨人,08/10,巨人,0,0,0,0,1,1,0,3,,,,,5,7,0,
西武/オリックス,08/10,西武,0,1,0,0,0,0,0,1,0,,,,2,5,0,
西武/オリックス,08/10,オリックス,1,0,1,0,0,0,0,2,,,,,4,3,0,
日本ハム/楽天,08/10,日本ハム,1,0,1,0,0,0,1,0,0,0,0,,3,11,0,
日本ハム/楽天,08/10,楽天,0,1,1,0,0,0,1,0,0,0,1,,4,12,0,
ヤクルト/中日,08/11,ヤクルト,0,0,4,0,4,2,0,0,0,,,,10,10,0,
ヤクルト/中日,08/11,中日,2,0,0,0,0,0,0,0,0,,,,2,7,1,
楽天/オリックス,08/11,楽天,0,0,2,0,0,1,1,0,0,,,,4,12,1,
楽天/オリックス,08/11,オリックス,0,1,0,5,0,0,2,0,,,,,8,12,0,
巨人/広島,08/11,巨人,0,0,0,0,6,3,0,0,0,,,,9,15,0,
巨人/広島,08/11,広島,0,0,0,2,0,0,0,0,0,,,,2,8,1,
阪神/ＤｅＮＡ,08/11,阪神,0,1,3,0,3,0,1,0,0,,,,8,13,1,
阪神/ＤｅＮＡ,08/11,ＤｅＮＡ,0,0,0,0,1,0,0,0,0,,,,1,4,2,
西武/ロッテ,08/11,西武,2,0,1,0,0,0,0,0,0,,,,3,12,1,
西武/ロッテ,08/11,ロッテ,0,1,0,0,2,0,2,0,,,,,5,10,0,
ヤクルト/中日,08/12,ヤクルト,0,0,0,0,0,0,0,0,0,,,,0,7,0,
ヤクルト/中日,08/12,中日,0,0,0,1,0,0,0,2,,,,,3,8,0,
楽天/オリックス,08/12,楽天,0,0,1,0,1,3,0,2,0,,,,7,14,0,
楽天/オリックス,08/12,オリックス,0,0,0,0,0,0,0,0,0,,,,0,4,0,
巨人/広島,08/12,巨人,0,0,0,0,0,0,0,0,0,,,,0,4,1,
巨人/広島,08/12,広島,0,1,0,0,0,0,0,0,,,,,1,4,0,
阪神/ＤｅＮＡ,08/12,阪神,0,0,0,0,0,0,0,1,0,1,,,2,8,0,
阪神/ＤｅＮＡ,08/12,ＤｅＮＡ,0,0,0,1,0,0,0,0,0,0,,,1,13,0,
西武/ロッテ,08/12,西武,0,0,1,0,0,0,0,2,0,,,,3,6,0,
西武/ロッテ,08/12,ロッテ,0,0,0,0,0,0,0,0,0,,,,0,6,0,
日本ハム/ソフトバンク,08/12,日本ハム,0,0,0,0,0,0,0,0,0,,,,0,5,0,
日本ハム/ソフトバンク,08/12,ソフトバンク,0,0,1,0,0,0,0,0,,,,,1,6,0,
ヤクルト/中日,08/13,ヤクルト,1,0,0,1,0,0,0,0,0,,,,2,9,0,
ヤクルト/中日,08/13,中日,1,0,3,0,0,3,0,0,,,,,7,6,0,
楽天/オリックス,08/13,楽天,1,0,0,2,0,1,0,0,0,,,,4,5,0,
楽天/オリックス,08/13,オリックス,0,0,1,0,0,0,1,0,0,,,,2,5,0,
巨人/広島,08/13,巨人,0,0,0,0,0,1,0,0,0,,,,1,6,1,
巨人/広島,08/13,広島,3,0,0,0,1,0,0,0,,,,,4,9,1,
阪神/ＤｅＮＡ,08/13,阪神,0,1,0,0,0,0,0,0,1,,,,2,9,0,
阪神/ＤｅＮＡ,08/13,ＤｅＮＡ,0,3,0,3,0,2,0,0,,,,,8,11,1,
西武/ロッテ,08/13,西武,0,1,0,0,0,1,0,0,4,,,,6,10,1,
西武/ロッテ,08/13,ロッテ,0,0,0,0,0,3,0,0,0,,,,3,8,0,
日本ハム/ソフトバンク,08/13,日本ハム,0,0,0,0,0,2,0,0,0,,,,2,13,0,
日本ハム/ソフトバンク,08/13,ソフトバンク,3,0,0,0,0,0,0,0,,,,,3,5,0,
日本ハム/ソフトバンク,08/14,日本ハム,1,0,0,2,0,2,0,0,2,,,,7,11,0,
日本ハム/ソフトバンク,08/14,ソフトバンク,0,1,0,0,0,0,0,0,0,,,,1,5,0,
オリックス/ソフトバンク,08/15,オリックス,0,0,0,0,0,0,3,0,0,,,,3,5,1,
オリックス/ソフトバンク,08/15,ソフトバンク,0,3,0,1,0,0,0,1,,,,,5,8,0,
楽天/西武,08/15,楽天,0,1,0,4,2,0,0,0,1,,,,8,13,1,
楽天/西武,08/15,西武,4,1,0,2,0,4,1,5,,,,,17,16,0,
広島/阪神,08/15,広島,3,0,2,6,0,0,0,0,0,,,,11,14,0,
広島/阪神,08/15,阪神,2,0,0,0,3,1,0,0,0,,,,6,10,1,
オリックス/ソフトバンク,08/16,オリックス,0,0,1,0,0,0,0,0,0,,,,1,6,0,
オリックス/ソフトバンク,08/16,ソフトバンク,0,0,1,0,0,1,0,0,,,,,2,7,0,
ロッテ/日本ハム,08/16,ロッテ,0,0,0,1,0,0,0,0,1,,,,2,7,0,
ロッテ/日本ハム,08/16,日本ハム,1,0,0,1,1,1,0,0,,,,,4,7,0,
楽天/西武,08/16,楽天,0,0,0,0,0,0,0,0,0,,,,0,5,2,
楽天/西武,08/16,西武,0,1,0,3,1,0,0,0,,,,,5,9,1,
巨人/ヤクルト,08/16,巨人,0,1,1,0,0,4,1,1,0,,,,8,9,0,
巨人/ヤクルト,08/16,ヤクルト,0,0,0,0,0,0,0,2,0,,,,2,8,4,
広島/阪神,08/16,広島,1,0,2,0,0,0,2,0,0,,,,5,10,0,
広島/阪神,08/16,阪神,0,0,0,0,0,2,0,1,0,,,,3,9,0,
中日/ＤｅＮＡ,08/16,中日,0,2,0,0,0,0,0,0,0,,,,2,7,0,
中日/ＤｅＮＡ,08/16,ＤｅＮＡ,0,0,0,0,0,1,1,0,1,,,,3,9,0,
ロッテ/日本ハム,08/17,ロッテ,1,0,0,0,1,3,2,0,0,0,0,,7,12,3,
ロッテ/日本ハム,08/17,日本ハム,0,5,0,0,1,0,1,0,0,0,1,,8,9,0,
楽天/西武,08/17,楽天,0,0,0,0,0,0,0,0,0,,,,0,2,0,
楽天/西武,08/17,西武,0,0,0,0,0,0,0,0,3,,,,3,9,0,
巨人/ヤクルト,08/17,巨人,0,0,3,0,0,0,0,0,0,,,,3,7,0,
巨人/ヤクルト,08/17,ヤクルト,0,4,0,0,0,0,0,0,,,,,4,7,1,
広島/阪神,08/17,広島,1,0,0,0,0,3,0,0,0,,,,4,8,0,
広島/阪神,08/17,阪神,0,0,2,0,2,0,0,0,1,,,,5,9,0,
中日/ＤｅＮＡ,08/17,中日,0,0,0,0,0,0,0,1,0,,,,1,8,0,
中日/ＤｅＮＡ,08/17,ＤｅＮＡ,3,0,0,0,0,0,1,0,,,,,4,8,0,
ＤｅＮＡ/巨人,08/18,ＤｅＮＡ,1,0,0,0,0,4,2,0,0,0,,,7,14,0,
ＤｅＮＡ/巨人,08/18,巨人,0,0,0,2,0,2,3,0,0,2,,,9,13,1,
ソフトバンク/楽天,08/18,ソフトバンク,2,0,0,0,0,0,2,0,0,,,,4,8,0,
ソフトバンク/楽天,08/18,楽天,0,0,0,1,0,0,0,0,0,,,,1,3,0,
ヤクルト/広島,08/18,ヤクルト,0,0,0,0,0,0,0,0,0,,,,0,8,0,
ヤクルト/広島,08/18,広島,0,0,0,0,1,0,0,0,,,,,1,6,0,
ロッテ/オリックス,08/18,ロッテ,2,0,0,0,0,0,1,0,2,,,,5,8,1,
ロッテ/オリックス,08/18,オリックス,0,1,0,0,0,0,0,0,1,,,,2,4,2,
阪神/中日,08/18,阪神,3,0,0,0,1,2,4,0,0,,,,10,13,0,
阪神/中日,08/18,中日,0,0,0,0,0,1,1,0,2,,,,4,8,0,
西武/日本ハム,08/18,西武,0,0,0,0,0,0,0,0,0,,,,0,4,0,
西武/日本ハム,08/18,日本ハム,1,0,0,0,0,2,0,1,,,,,4,9,0,
ＤｅＮＡ/巨人,08/19,ＤｅＮＡ,0,0,1,0,0,0,0,0,0,,,,1,3,0,
ＤｅＮＡ/巨人,08/19,巨人,0,0,0,0,2,0,4,0,,,,,6,6,0,
ソフトバンク/楽天,08/19,ソフトバンク,0,0,1,0,0,1,0,0,0,,,,2,7,0,
ソフトバンク/楽天,08/19,楽天,0,0,0,0,0,0,0,0,0,,,,0,4,0,
ヤクルト/広島,08/19,ヤクルト,0,0,0,0,0,1,4,0,0,,,,5,12,1,
ヤクルト/広島,08/19,広島,0,0,0,0,0,0,0,0,0,,,,0,5,0,
ロッテ/オリックス,08/19,ロッテ,0,0,0,0,2,1,0,0,0,,,,3,6,0,
ロッテ/オリックス,08/19,オリックス,0,0,0,0,3,2,0,2,,,,,7,11,0,
阪神/中日,08/19,阪神,0,2,0,1,3,0,0,1,1,,,,8,12,0,
阪神/中日,08/19,中日,1,0,0,0,0,0,0,0,0,,,,1,3,0,
西武/日本ハム,08/19,西武,0,0,0,2,0,0,0,0,1,,,,3,6,0,
西武/日本ハム,08/19,日本ハム,0,0,0,0,0,0,0,0,0,,,,0,5,0,
ＤｅＮＡ/巨人,08/20,ＤｅＮＡ,0,0,0,0,0,0,0,1,0,,,,1,3,0,
ＤｅＮＡ/巨人,08/20,巨人,4,0,0,0,2,0,0,0,,,,,6,9,1,
ソフトバンク/楽天,08/20,ソフトバンク,2,0,0,0,0,1,0,1,0,,,,4,8,1,
ソフトバンク/楽天,08/20,楽天,1,0,0,0,0,0,0,0,0,,,,1,3,0,
ヤクルト/広島,08/20,ヤクルト,0,0,0,0,4,0,1,0,0,0,,,5,9,0,
ヤクルト/広島,08/20,広島,0,0,0,1,0,0,0,4,0,1,,,6,12,1,
ロッテ/オリックス,08/20,ロッテ,0,1,0,0,0,1,0,0,0,,,,2,9,0,
ロッテ/オリックス,08/20,オリックス,1,0,1,0,0,0,1,0,,,,,3,5,0,
阪神/中日,08/20,阪神,1,0,1,0,0,0,0,0,0,0,1,,3,10,0,
阪神/中日,08/20,中日,0,1,0,0,1,0,0,0,0,0,0,,2,9,2,
西武/日本ハム,08/20,西武,0,0,0,0,0,0,1,2,0,,,,3,6,0,
西武/日本ハム,08/20,日本ハム,1,0,1,0,2,2,0,3,,,,,9,15,0,
楽天/ロッテ,08/22,楽天,0,1,2,0,1,0,2,0,0,,,,6,15,0,
楽天/ロッテ,08/22,ロッテ,0,0,0,0,0,0,0,2,0,,,,2,7,0,
巨人/中日,08/22,巨人,0,0,4,0,3,2,0,0,0,,,,9,12,0,
巨人/中日,08/22,中日,0,0,1,0,0,0,0,1,0,,,,2,7,0,
広島/ＤｅＮＡ,08/22,広島,0,2,0,1,0,1,1,0,0,,,,5,7,0,
広島/ＤｅＮＡ,08/22,ＤｅＮＡ,1,0,0,0,0,0,0,1,4,,,,6,8,1,
阪神/ヤクルト,08/22,阪神,0,0,0,2,2,0,0,0,0,,,,4,8,0,
阪神/ヤクルト,08/22,ヤクルト,0,1,0,3,0,0,0,0,1,,,,5,12,0,
西武/ソフトバンク,08/22,西武,0,0,0,0,0,0,0,0,0,,,,0,2,0,
西武/ソフトバンク,08/22,ソフトバンク,0,0,1,0,0,1,3,2,,,,,7,7,0,
日本ハム/オリックス,08/22,日本ハム,2,0,0,0,0,0,0,0,0,,,,2,8,2,
日本ハム/オリックス,08/22,オリックス,0,3,0,0,0,2,0,0,,,,,5,7,1,
楽天/ロッテ,08/23,楽天,0,0,2,0,0,0,0,1,0,,,,3,10,1,
楽天/ロッテ,08/23,ロッテ,4,0,0,0,1,0,0,0,,,,,5,9,1,
巨人/中日,08/23,巨人,0,0,0,0,0,0,1,0,0,,,,1,6,2,
巨人/中日,08/23,中日,2,0,0,1,0,0,1,0,,,,,4,7,0,
広島/ＤｅＮＡ,08/23,広島,2,3,0,0,1,0,0,0,0,0,,,6,11,0,
広島/ＤｅＮＡ,08/23,ＤｅＮＡ,0,0,3,0,1,0,1,0,1,1,,,7,10,1,
阪神/ヤクルト,08/23,阪神,0,0,4,0,1,0,2,0,0,,,,7,10,1,
阪神/ヤクルト,08/23,ヤクルト,1,0,0,1,2,0,0,0,0,,,,4,12,1,
西武/ソフトバンク,08/23,西武,0,0,0,0,0,0,0,0,0,,,,0,3,0,
西武/ソフトバンク,08/23,ソフトバンク,2,4,0,0,3,0,0,0,,,,,9,8,0,
日本ハム/オリックス,08/23,日本ハム,0,0,0,0,1,0,2,0,0,,,,3,8,0,
日本ハム/オリックス,08/23,オリックス,1,0,0,1,0,0,0,0,0,,,,2,8,1,
楽天/ロッテ,08/24,楽天,0,0,0,0,0,0,0,0,1,,,,1,6,2,
楽天/ロッテ,08/24,ロッテ,0,0,1,0,0,1,0,0,,,,,2,9,0,
広島/ＤｅＮＡ,08/24,広島,1,2,0,0,1,0,0,0,0,,,,4,9,0,
広島/ＤｅＮＡ,08/24,ＤｅＮＡ,1,0,0,0,0,1,1,1,1,,,,5,10,0,
阪神/ヤクルト,08/24,阪神,1,1,3,1,0,0,0,0,0,,,,6,11,1,
阪神/ヤクルト,08/24,ヤクルト,1,0,2,0,0,0,0,0,0,,,,3,5,1,
西武/ソフトバンク,08/24,西武,0,1,0,0,0,0,0,0,0,,,,1,7,0,
西武/ソフトバンク,08/24,ソフトバンク,3,4,0,0,1,1,1,0,,,,,10,10,0,
ＤｅＮＡ/ヤクルト,08/25,ＤｅＮＡ,0,0,2,0,0,0,6,0,0,,,,8,12,0,
ＤｅＮＡ/ヤクルト,08/25,ヤクルト,0,0,0,0,1,0,2,2,1,,,,6,12,0,
オリックス/西武,08/25,オリックス,0,0,0,0,0,0,0,0,0,,,,0,4,2,
オリックス/西武,08/25,西武,3,1,1,1,1,1,0,0,,,,,8,11,1,
ロッテ/ソフトバンク,08/25,ロッテ,0,0,4,1,0,0,0,2,3,,,,10,19,2,
ロッテ/ソフトバンク,08/25,ソフトバンク,0,0,0,1,2,0,0,0,0,,,,3,8,0,
阪神/巨人,08/25,阪神,1,2,0,0,0,0,0,0,0,,,,3,11,0,
阪神/巨人,08/25,巨人,1,0,0,0,5,0,0,0,,,,,6,10,1,
中日/広島,08/25,中日,0,0,0,0,0,0,0,0,1,,,,1,4,0,
中日/広島,08/25,広島,0,0,4,0,1,0,2,2,,,,,9,15,1,
日本ハム/楽天,08/25,日本ハム,0,1,0,0,2,0,0,0,0,2,,,5,6,1,
日本ハム/楽天,08/25,楽天,0,0,2,0,0,0,1,0,0,0,,,3,9,1,
ＤｅＮＡ/ヤクルト,08/26,ＤｅＮＡ,0,1,0,0,0,2,0,0,1,,,,4,7,0,
ＤｅＮＡ/ヤクルト,08/26,ヤクルト,1,0,0,0,2,2,0,0,,,,,5,10,0,
オリックス/西武,08/26,オリックス,4,0,1,0,0,0,1,0,3,,,,9,14,0,
オリックス/西武,08/26,西武,0,0,0,0,0,0,0,0,0,,,,0,9,0,
ロッテ/ソフトバンク,08/26,ロッテ,0,2,0,1,0,0,1,2,0,,,,6,7,1,
ロッテ/ソフトバンク,08/26,ソフトバンク,0,0,0,1,0,0,1,0,1,,,,3,8,2,
阪神/巨人,08/26,阪神,0,5,0,0,0,0,1,2,0,,,,8,10,0,
阪神/巨人,08/26,巨人,0,0,0,3,0,0,0,1,0,,,,4,8,1,
中日/広島,08/26,中日,0,0,0,2,0,0,0,0,0,,,,2,2,0,
中日/広島,08/26,広島,0,4,0,0,0,0,1,1,,,,,6,6,0,
日本ハム/楽天,08/26,日本ハム,3,0,0,0,2,0,0,0,0,,,,5,7,1,
日本ハム/楽天,08/26,楽天,3,0,0,0,0,0,0,0,1,,,,4,10,3,
ＤｅＮＡ/ヤクルト,08/27,ＤｅＮＡ,1,2,0,2,1,0,0,1,0,,,,7,15,1,
ＤｅＮＡ/ヤクルト,08/27,ヤクルト,0,0,0,0,0,0,3,0,0,,,,3,6,1,
オリックス/西武,08/27,オリックス,0,3,0,0,0,4,0,3,0,,,,10,14,0,
オリックス/西武,08/27,西武,3,2,1,0,0,0,2,0,1,,,,9,12,1,
ロッテ/ソフトバンク,08/27,ロッテ,0,0,0,0,0,0,0,0,0,,,,0,3,1,
ロッテ/ソフトバンク,08/27,ソフトバンク,0,0,0,2,0,1,0,0,,,,,3,11,0,
阪神/巨人,08/27,阪神,0,0,0,0,0,0,0,0,0,,,,0,2,0,
阪神/巨人,08/27,巨人,0,0,0,0,0,0,6,0,,,,,6,8,0,
中日/広島,08/27,中日,4,0,0,2,0,0,0,0,0,,,,6,10,0,
中日/広島,08/27,広島,0,2,0,0,0,0,0,3,0,,,,5,8,0,
日本ハム/楽天,08/27,日本ハム,0,0,3,2,0,0,0,0,0,,,,5,11,0,
日本ハム/楽天,08/27,楽天,1,0,0,0,0,0,1,0,0,,,,2,8,0,
ＤｅＮＡ/中日,08/29,ＤｅＮＡ,4,2,0,0,0,0,0,0,0,,,,6,8,0,
ＤｅＮＡ/中日,08/29,中日,3,0,0,2,0,0,0,2,,,,,7,12,0,
オリックス/ロッテ,08/29,オリックス,0,0,0,2,0,0,0,0,0,,,,2,9,1,
オリックス/ロッテ,08/29,ロッテ,2,0,0,0,2,0,2,0,,,,,6,8,1,
ヤクルト/阪神,08/29,ヤクルト,0,0,0,0,0,0,0,0,0,,,,0,2,2,
ヤクルト/阪神,08/29,阪神,0,2,0,0,1,0,0,0,,,,,3,7,0,
広島/巨人,08/29,広島,0,0,0,0,2,0,0,0,0,,,,2,5,0,
広島/巨人,08/29,巨人,0,1,0,0,0,0,0,0,0,,,,1,8,0,
西武/楽天,08/29,西武,0,0,0,1,0,1,1,0,0,,,,3,11,0,
西武/楽天,08/29,楽天,0,0,0,0,1,0,0,0,0,,,,1,6,0,
ＤｅＮＡ/中日,08/30,ＤｅＮＡ,0,0,3,0,2,0,0,0,1,,,,6,11,0,
ＤｅＮＡ/中日,08/30,中日,0,0,0,0,0,1,2,0,0,,,,3,6,1,
オリックス/ロッテ,08/30,オリックス,1,0,1,0,0,0,5,0,0,,,,7,11,1,
オリックス/ロッテ,08/30,ロッテ,0,0,1,1,0,0,0,0,0,,,,2,5,0,
ソフトバンク/日本ハム,08/30,ソフトバンク,0,0,0,1,0,0,0,0,0,,,,1,4,0,
ソフトバンク/日本ハム,08/30,日本ハム,1,0,0,2,0,0,0,0,,,,,3,8,0,
ヤクルト/阪神,08/30,ヤクルト,0,0,0,0,0,2,0,1,0,0,,,3,8,0,
ヤクルト/阪神,08/30,阪神,1,0,1,0,0,0,0,1,0,1,,,4,4,0,
広島/巨人,08/30,広島,1,0,0,0,1,0,2,0,0,,,,4,12,0,
広島/巨人,08/30,巨人,0,3,0,1,1,0,0,1,,,,,6,12,1,
西武/楽天,08/30,西武,0,0,0,1,4,3,0,0,,,,,8,13,2,
西武/楽天,08/30,楽天,3,0,0,1,0,0,0,4,,,,,8,10,0,
ＤｅＮＡ/中日,08/31,ＤｅＮＡ,0,0,0,0,0,0,1,1,0,,,,2,4,1,
ＤｅＮＡ/中日,08/31,中日,1,0,0,0,1,0,2,0,,,,,4,8,0,
オリックス/ロッテ,08/31,オリックス,0,2,4,0,0,2,5,1,0,,,,14,21,0,
オリックス/ロッテ,08/31,ロッテ,0,0,1,0,1,1,0,0,1,,,,4,10,2,
ソフトバンク/日本ハム,08/31,ソフトバンク,0,0,0,4,0,0,0,0,0,,,,4,3,1,
ソフトバンク/日本ハム,08/31,日本ハム,0,0,1,0,0,0,2,0,0,,,,3,9,0,
ヤクルト/阪神,08/31,ヤクルト,0,0,0,0,0,0,0,0,0,,,,0,8,0,
ヤクルト/阪神,08/31,阪神,0,0,0,1,0,0,0,0,,,,,1,5,1,
広島/巨人,08/31,広島,0,0,0,0,0,1,0,0,0,,,,1,6,1,
広島/巨人,08/31,巨人,0,1,2,0,0,0,0,0,,,,,3,4,0,
西武/楽天,08/31,西武,0,4,0,1,0,0,1,0,0,,,,6,8,0,
西武/楽天,08/31,楽天,1,0,0,0,1,0,0,0,0,,,,2,5,1,
楽天/ソフトバンク,09/01,楽天,0,0,0,0,0,0,0,0,0,,,,0,7,0,
楽天/ソフトバンク,09/01,ソフトバンク,0,0,0,1,0,0,1,0,,,,,2,4,0,
巨人/ＤｅＮＡ,09/01,巨人,0,1,0,0,0,1,0,1,0,,,,3,9,1,
巨人/ＤｅＮＡ,09/01,ＤｅＮＡ,0,0,0,0,0,0,0,0,,,,,0,8,0,
広島/ヤクルト,09/01,広島,0,0,0,0,0,1,2,0,0,,,,3,9,0,
広島/ヤクルト,09/01,ヤクルト,0,0,0,0,0,0,0,2,0,,,,2,5,0,
西武/オリックス,09/01,西武,0,0,5,0,0,0,0,0,2,,,,7,13,0,
西武/オリックス,09/01,オリックス,0,1,0,1,0,0,0,0,0,,,,2,6,0,
中日/阪神,09/01,中日,0,0,0,0,0,0,3,0,0,,,,3,5,0,
中日/阪神,09/01,阪神,0,0,1,1,0,0,0,3,,,,,5,7,1,
日本ハム/ロッテ,09/01,日本ハム,0,1,0,0,0,1,1,0,0,,,,3,12,1,
日本ハム/ロッテ,09/01,ロッテ,2,0,0,0,0,0,2,0,,,,,4,7,1,
楽天/ソフトバンク,09/02,楽天,0,0,0,0,0,1,0,0,0,,,,1,4,0,
楽天/ソフトバンク,09/02,ソフトバンク,0,0,1,0,0,1,0,1,,,,,3,7,1,
巨人/ＤｅＮＡ,09/02,巨人,0,0,0,1,0,1,1,0,0,,,,3,4,0,
巨人/ＤｅＮＡ,09/02,ＤｅＮＡ,0,0,1,0,0,0,0,0,0,,,,1,6,0,
広島/ヤクルト,09/02,広島,2,0,0,0,0,0,0,0,1,,,,3,9,0,
広島/ヤクルト,09/02,ヤクルト,0,0,0,0,0,0,0,1,0,,,,1,6,0,
西武/オリックス,09/02,西武,0,1,0,0,0,0,1,0,0,,,,2,6,1,
西武/オリックス,09/02,オリックス,1,2,0,0,0,1,0,0,,,,,4,10,0,
中日/阪神,09/02,中日,0,0,2,0,0,0,0,0,0,,,,2,7,0,
中日/阪神,09/02,阪神,1,3,1,1,0,1,1,1,,,,,9,12,0,
日本ハム/ロッテ,09/02,日本ハム,0,0,0,0,0,0,0,0,0,,,,0,5,2,
日本ハム/ロッテ,09/02,ロッテ,0,0,1,0,0,1,1,0,,,,,3,7,0,
楽天/ソフトバンク,09/03,楽天,0,0,0,0,0,0,0,0,0,,,,0,4,2,
楽天/ソフトバンク,09/03,ソフトバンク,0,0,0,0,0,0,0,0,1,,,,1,5,0,
巨人/ＤｅＮＡ,09/03,巨人,0,0,0,0,0,0,0,0,0,,,,0,4,1,
巨人/ＤｅＮＡ,09/03,ＤｅＮＡ,0,0,0,0,0,0,0,1,,,,,1,6,0,
広島/ヤクルト,09/03,広島,0,3,1,3,0,1,0,0,1,,,,9,8,0,
広島/ヤクルト,09/03,ヤクルト,1,0,1,0,0,0,0,0,0,,,,2,7,0,
西武/オリックス,09/03,西武,1,2,0,0,0,0,3,0,0,,,,6,8,4,
西武/オリックス,09/03,オリックス,2,0,3,0,3,0,3,0,,,,,11,7,1,
中日/阪神,09/03,中日,0,0,0,2,0,0,2,0,0,,,,4,9,1,
中日/阪神,09/03,阪神,0,0,0,0,1,1,0,0,0,,,,2,7,1,
日本ハム/ロッテ,09/03,日本ハム,2,0,0,0,0,0,3,0,0,,,,5,9,1,
日本ハム/ロッテ,09/03,ロッテ,0,0,2,0,0,0,0,0,0,,,,2,10,0,
ソフトバンク/オリックス,09/05,ソフトバンク,2,0,1,0,0,0,2,0,0,0,1,,6,11,0,
ソフトバンク/オリックス,09/05,オリックス,0,0,0,1,0,1,0,3,0,0,0,,5,13,0,
ヤクルト/ＤｅＮＡ,09/05,ヤクルト,0,0,0,0,0,0,0,0,0,,,,0,6,0,
ヤクルト/ＤｅＮＡ,09/05,ＤｅＮＡ,0,0,0,1,0,0,0,3,,,,,4,7,1,
ロッテ/西武,09/05,ロッテ,0,0,0,1,0,0,1,0,0,,,,2,7,1,
ロッテ/西武,09/05,西武,1,0,1,0,0,0,3,0,,,,,5,8,0,
楽天/日本ハム,09/05,楽天,0,0,0,0,1,0,0,4,1,,,,6,10,0,
楽天/日本ハム,09/05,日本ハム,0,0,0,0,0,0,0,0,1,,,,1,3,2,
阪神/広島,09/05,阪神,0,2,1,0,1,1,0,0,2,,,,7,12,0,
阪神/広島,09/05,広島,2,0,3,0,0,0,1,0,2,,,,8,10,0,
中日/巨人,09/05,中日,0,1,0,0,0,2,5,0,0,0,0,,8,16,2,
中日/巨人,09/05,巨人,0,0,0,1,3,1,0,0,3,0,3,,11,16,0,
ソフトバンク/オリックス,09/06,ソフトバンク,1,0,4,0,0,3,0,0,0,,,,8,11,0,
ソフトバンク/オリックス,09/06,オリックス,0,0,0,0,0,0,0,0,0,,,,0,8,1,
ヤクルト/ＤｅＮＡ,09/06,ヤクルト,0,0,0,0,0,0,0,0,0,0,0,,0,5,0,
ヤクルト/ＤｅＮＡ,09/06,ＤｅＮＡ,0,0,0,0,0,0,0,0,0,0,1,,1,8,0,
ロッテ/西武,09/06,ロッテ,0,0,0,2,1,2,2,0,0,1,,,8,10,0,
ロッテ/西武,09/06,西武,0,0,0,0,2,2,0,1,2,0,,,7,11,0,
阪神/広島,09/06,阪神,0,1,0,0,0,0,1,1,0,0,0,,3,8,2,
阪神/広島,09/06,広島,0,0,0,0,0,0,0,3,0,0,1,,4,10,0,
中日/巨人,09/06,中日,0,1,0,0,0,3,0,0,0,,,,4,8,0,
中日/巨人,09/06,巨人,0,0,0,0,0,0,0,0,0,,,,0,2,1,
ヤクルト/ＤｅＮＡ,09/07,ヤクルト,3,2,0,3,0,0,3,0,0,,,,11,14,0,
ヤクルト/ＤｅＮＡ,09/07,ＤｅＮＡ,0,0,0,0,0,0,0,0,1,,,,1,4,0,
ロッテ/西武,09/07,ロッテ,0,0,0,0,0,0,0,0,0,,,,0,4,1,
ロッテ/西武,09/07,西武,0,1,1,1,0,0,0,0,,,,,3,11,1,
楽天/日本ハム,09/07,楽天,0,0,4,2,0,0,0,0,0,,,,6,11,0,
楽天/日本ハム,09/07,日本ハム,0,0,2,0,2,0,0,0,0,,,,4,8,0,
阪神/広島,09/07,阪神,3,0,0,1,0,0,0,0,0,,,,4,7,0,
阪神/広島,09/07,広島,0,0,2,0,4,0,0,0,,,,,6,10,0,
ＤｅＮＡ/阪神,09/08,ＤｅＮＡ,1,1,1,0,0,0,0,0,0,,,,3,4,1,
ＤｅＮＡ/阪神,09/08,阪神,0,3,0,0,0,0,2,3,,,,,8,10,0,
オリックス/楽天,09/08,オリックス,0,0,1,0,0,0,2,1,0,,,,4,13,1,
オリックス/楽天,09/08,楽天,0,0,0,1,0,0,1,0,0,,,,2,5,1,
ソフトバンク/ロッテ,09/08,ソフトバンク,1,1,3,1,0,0,0,0,0,,,,6,12,0,
ソフトバンク/ロッテ,09/08,ロッテ,0,0,0,2,0,2,0,0,0,,,,4,10,1,
ヤクルト/巨人,09/08,ヤクルト,0,0,0,0,0,0,0,0,1,,,,1,6,2,
ヤクルト/巨人,09/08,巨人,0,0,0,0,2,0,0,2,,,,,4,5,1,
広島/中日,09/08,広島,0,0,0,0,1,0,1,1,0,,,,3,9,0,
広島/中日,09/08,中日,0,0,0,0,0,0,0,0,0,,,,0,6,0,
日本ハム/西武,09/08,日本ハム,2,0,0,7,0,0,0,0,0,,,,9,10,0,
日本ハム/西武,09/08,西武,0,0,0,0,0,0,0,2,0,,,,2,5,1,
ＤｅＮＡ/阪神,09/09,ＤｅＮＡ,0,0,0,0,0,0,1,0,0,0,0,0,1,7,2,
ＤｅＮＡ/阪神,09/09,阪神,1,0,0,0,0,0,0,0,0,0,0,1,2,6,0,
オリックス/楽天,09/09,オリックス,4,0,0,0,1,0,0,0,0,,,,5,8,0,
オリックス/楽天,09/09,楽天,0,0,0,0,0,2,1,0,0,,,,3,7,2,
ソフトバンク/ロッテ,09/09,ソフトバンク,2,0,0,0,0,0,0,0,0,,,,2,7,0,
ソフトバンク/ロッテ,09/09,ロッテ,0,0,0,0,1,0,0,0,0,,,,1,6,1,
ヤクルト/巨人,09/09,ヤクルト,0,0,0,0,0,3,0,0,1,,,,4,5,0,
ヤクルト/巨人,09/09,巨人,0,0,0,0,0,0,0,0,0,,,,0,6,1,
広島/中日,09/09,広島,1,1,0,0,1,0,4,2,0,,,,9,11,3,
広島/中日,09/09,中日,0,3,1,0,0,1,0,0,0,,,,5,7,1,
日本ハム/西武,09/09,日本ハム,0,0,0,1,0,0,0,0,0,,,,1,4,0,
日本ハム/西武,09/09,西武,0,0,0,0,0,0,0,0,0,,,,0,4,1,
ＤｅＮＡ/阪神,09/10,ＤｅＮＡ,0,3,0,0,0,1,1,1,0,,,,6,13,0,
ＤｅＮＡ/阪神,09/10,阪神,1,1,2,1,0,0,0,1,1,,,,7,15,2,
オリックス/楽天,09/10,オリックス,0,0,0,1,0,0,0,0,0,,,,1,6,0,
オリックス/楽天,09/10,楽天,0,1,0,0,1,0,0,0,,,,,2,5,0,
ソフトバンク/ロッテ,09/10,ソフトバンク,0,0,0,0,0,0,3,0,3,,,,6,8,0,
ソフトバンク/ロッテ,09/10,ロッテ,0,0,0,0,0,0,0,2,1,,,,3,10,0,
ヤクルト/巨人,09/10,ヤクルト,0,0,0,0,0,0,0,1,0,,,,1,4,1,
ヤクルト/巨人,09/10,巨人,0,1,0,1,0,0,3,1,,,,,6,13,0,
広島/中日,09/10,広島,0,0,0,1,0,0,3,0,0,,,,4,10,1,
広島/中日,09/10,中日,1,0,0,1,0,1,0,0,0,,,,3,8,0,
日本ハム/西武,09/10,日本ハム,1,0,0,1,0,5,0,0,0,,,,7,10,0,
日本ハム/西武,09/10,西武,2,1,0,2,2,1,0,0,,,,,8,9,3,
ＤｅＮＡ/広島,09/12,ＤｅＮＡ,0,3,0,0,0,0,0,0,0,,,,3,8,0,
ＤｅＮＡ/広島,09/12,広島,0,0,0,0,0,1,0,0,0,,,,1,6,1,
オリックス/ロッテ,09/12,オリックス,0,0,0,2,1,0,1,1,0,,,,5,13,1,
オリックス/ロッテ,09/12,ロッテ,2,0,0,0,2,0,1,2,,,,,7,14,0,
楽天/日本ハム,09/12,楽天,0,0,0,0,0,0,0,0,0,,,,0,3,0,
楽天/日本ハム,09/12,日本ハム,0,0,0,3,2,2,0,0,,,,,7,7,0,
巨人/阪神,09/12,巨人,0,0,1,3,0,0,0,0,1,0,0,0,5,11,1,
巨人/阪神,09/12,阪神,2,3,0,0,0,0,0,0,0,0,0,0,5,12,1,
中日/ヤクルト,09/12,中日,2,0,4,0,0,1,1,0,0,,,,8,15,0,
中日/ヤクルト,09/12,ヤクルト,1,0,0,0,0,0,0,0,0,,,,1,6,0,
ＤｅＮＡ/広島,09/13,ＤｅＮＡ,2,0,1,1,0,0,0,0,0,,,,4,11,0,
ＤｅＮＡ/広島,09/13,広島,6,0,0,0,0,6,0,0,,,,,12,14,0,
オリックス/ソフトバンク,09/13,オリックス,0,1,0,3,0,1,0,0,0,,,,5,8,1,
オリックス/ソフトバンク,09/13,ソフトバンク,0,1,0,0,0,0,1,0,0,,,,2,5,0,
ロッテ/日本ハム,09/13,ロッテ,2,0,1,1,0,0,0,0,0,,,,4,11,0,
ロッテ/日本ハム,09/13,日本ハム,0,0,0,0,0,0,0,0,1,,,,1,8,1,
巨人/阪神,09/13,巨人,0,6,0,1,0,0,0,0,0,,,,7,15,0,
巨人/阪神,09/13,阪神,0,0,0,0,0,0,0,0,2,,,,2,11,2,
西武/楽天,09/13,西武,0,0,0,0,1,4,0,2,0,,,,7,11,1,
西武/楽天,09/13,楽天,0,1,0,2,0,0,0,0,0,,,,3,7,1,
中日/ヤクルト,09/13,中日,0,0,0,0,1,0,0,0,0,,,,1,9,1,
中日/ヤクルト,09/13,ヤクルト,1,0,1,0,0,0,0,0,,,,,2,7,0,
ＤｅＮＡ/広島,09/14,ＤｅＮＡ,0,0,3,0,0,0,1,0,0,,,,4,12,1,
ＤｅＮＡ/広島,09/14,広島,0,2,1,1,0,0,0,1,,,,,5,9,0,
オリックス/ソフトバンク,09/14,オリックス,0,0,0,1,0,3,0,0,0,,,,4,4,0,
オリックス/ソフトバンク,09/14,ソフトバンク,0,0,0,3,1,2,0,1,,,,,7,14,0,
ロッテ/日本ハム,09/14,ロッテ,1,0,1,0,0,0,0,1,3,,,,6,12,2,
ロッテ/日本ハム,09/14,日本ハム,1,0,0,0,2,0,1,0,0,,,,4,12,0,
巨人/阪神,09/14,巨人,0,0,0,0,0,0,0,1,1,0,0,0,2,10,0,
巨人/阪神,09/14,阪神,2,0,0,0,0,0,0,0,0,0,0,0,2,9,0,
西武/楽天,09/14,西武,1,0,0,0,0,1,0,0,0,,,,2,6,2,
西武/楽天,09/14,楽天,1,0,0,0,0,0,0,0,0,,,,1,5,0,
中日/ヤクルト,09/14,中日,0,0,0,1,0,0,0,0,0,1,,,2,8,0,
中日/ヤクルト,09/14,ヤクルト,0,0,0,0,1,0,0,0,0,0,,,1,5,0,
ＤｅＮＡ/巨人,09/16,ＤｅＮＡ,0,0,0,1,0,0,0,0,0,,,,1,5,1,
ＤｅＮＡ/巨人,09/16,巨人,0,0,0,0,0,0,0,0,0,,,,0,6,0,
オリックス/日本ハム,09/16,オリックス,0,0,3,0,0,0,0,0,0,,,,3,4,0,
オリックス/日本ハム,09/16,日本ハム,0,1,2,0,0,2,1,0,,,,,6,10,0,
ソフトバンク/西武,09/16,ソフトバンク,0,0,0,2,4,0,1,0,0,,,,7,11,0,
ソフトバンク/西武,09/16,西武,0,1,0,0,0,0,0,0,2,,,,3,6,1,
ヤクルト/広島,09/16,ヤクルト,0,0,0,1,1,0,2,1,0,,,,5,9,2,
ヤクルト/広島,09/16,広島,0,0,2,2,0,0,0,0,0,,,,4,11,0,
ロッテ/楽天,09/16,ロッテ,0,2,0,0,2,0,0,0,1,,,,5,11,1,
ロッテ/楽天,09/16,楽天,0,7,0,1,5,0,0,0,,,,,13,12,1,
ＤｅＮＡ/巨人,09/17,ＤｅＮＡ,0,0,0,0,0,0,0,0,1,,,,1,5,1,
ＤｅＮＡ/巨人,09/17,巨人,2,1,0,0,3,0,0,0,,,,,6,9,0,
オリックス/日本ハム,09/17,オリックス,0,0,1,0,1,0,0,0,0,2,,,4,8,1,
オリックス/日本ハム,09/17,日本ハム,2,0,0,0,0,0,0,0,0,0,,,2,4,0,
ソフトバンク/西武,09/17,ソフトバンク,0,0,0,0,0,0,0,2,0,0,,,2,10,2,
ソフトバンク/西武,09/17,西武,0,1,0,0,0,0,0,1,0,1,,,3,7,1,
オリックス/日本ハム,09/18,オリックス,0,1,0,0,0,0,0,0,0,,,,1,6,1,
オリックス/日本ハム,09/18,日本ハム,4,0,0,0,0,1,2,0,,,,,7,5,1,
ソフトバンク/西武,09/18,ソフトバンク,0,1,3,7,0,0,0,0,1,1,,,13,14,0,
ソフトバンク/西武,09/18,西武,4,0,0,1,0,3,2,2,0,2,,,14,20,1,
ヤクルト/ＤｅＮＡ,09/18,ヤクルト,0,0,2,0,0,0,0,0,0,,,,2,5,0,
ヤクルト/ＤｅＮＡ,09/18,ＤｅＮＡ,0,1,0,1,0,0,1,1,,,,,4,7,0,
ロッテ/楽天,09/18,ロッテ,2,0,0,1,0,0,0,0,0,,,,3,8,1,
ロッテ/楽天,09/18,楽天,0,0,0,0,0,0,0,0,4,,,,4,7,0,
巨人/中日,09/18,巨人,0,0,0,0,0,0,0,0,0,,,,0,2,0,
巨人/中日,09/18,中日,0,0,0,0,0,0,0,2,,,,,2,7,1,
広島/阪神,09/18,広島,1,0,0,1,0,0,0,1,0,,,,3,6,0,
広島/阪神,09/18,阪神,0,0,0,1,0,0,1,0,0,,,,2,8,0,
ロッテ/西武,09/19,ロッテ,0,2,2,0,0,0,0,2,0,,,,6,11,1,
ロッテ/西武,09/19,西武,0,2,0,0,0,0,1,0,0,,,,3,12,1,
巨人/中日,09/19,巨人,0,0,0,0,0,2,0,0,0,,,,2,7,1,
巨人/中日,09/19,中日,0,0,2,8,0,0,0,0,,,,,10,12,0,
日本ハム/楽天,09/19,日本ハム,0,0,0,0,0,0,0,0,0,,,,0,3,3,
日本ハム/楽天,09/19,楽天,0,1,2,1,1,1,0,0,,,,,6,13,0,
オリックス/楽天,09/20,オリックス,0,0,1,0,2,1,3,1,0,,,,8,10,1,
オリックス/楽天,09/20,楽天,0,0,0,0,0,1,0,2,1,,,,4,11,2,
ソフトバンク/日本ハム,09/20,ソフトバンク,0,0,0,0,0,1,2,1,0,,,,4,9,0,
ソフトバンク/日本ハム,09/20,日本ハム,0,0,1,0,0,0,0,0,0,,,,1,7,0,
ロッテ/西武,09/20,ロッテ,1,0,0,0,0,0,2,0,0,,,,3,8,0,
ロッテ/西武,09/20,西武,0,1,0,0,0,0,0,0,0,,,,1,4,0,
巨人/阪神,09/20,巨人,1,1,0,0,0,0,0,0,0,,,,2,7,0,
巨人/阪神,09/20,阪神,0,0,0,0,0,0,0,0,0,,,,0,2,0,
中日/ヤクルト,09/20,中日,0,1,0,0,0,0,1,1,3,,,,6,10,0,
中日/ヤクルト,09/20,ヤクルト,0,0,0,0,0,0,1,0,0,,,,1,2,1,
オリックス/楽天,09/21,オリックス,2,0,0,0,0,1,0,3,1,,,,7,8,0,
オリックス/楽天,09/21,楽天,0,0,2,0,0,0,2,0,0,,,,4,7,0,
ソフトバンク/日本ハム,09/21,ソフトバンク,0,0,0,1,0,0,2,0,1,,,,4,9,0,
ソフトバンク/日本ハム,09/21,日本ハム,1,0,4,0,1,0,0,0,,,,,6,7,1,
ロッテ/西武,09/21,ロッテ,0,0,0,0,0,0,1,2,1,,,,4,10,0,
ロッテ/西武,09/21,西武,1,0,0,0,0,0,0,0,2,,,,3,8,0,
阪神/広島,09/21,阪神,0,0,1,0,0,4,0,2,0,,,,7,11,0,
阪神/広島,09/21,広島,5,0,0,0,0,0,0,0,0,,,,5,6,1,
巨人/広島,09/22,巨人,0,0,0,0,0,0,0,0,0,,,,0,3,0,
巨人/広島,09/22,広島,1,0,0,2,2,0,0,0,,,,,5,9,0,
ＤｅＮＡ/中日,09/23,ＤｅＮＡ,8,0,2,0,2,0,1,0,0,,,,13,17,0,
ＤｅＮＡ/中日,09/23,中日,0,0,0,0,0,0,2,0,3,,,,5,7,0,
オリックス/西武,09/23,オリックス,0,0,0,0,0,0,0,0,0,,,,0,4,0,
オリックス/西武,09/23,西武,1,0,0,0,1,0,0,3,,,,,5,9,0,
楽天/ソフトバンク,09/23,楽天,0,1,0,0,0,2,0,0,0,,,,3,9,1,
楽天/ソフトバンク,09/23,ソフトバンク,0,0,0,0,0,1,0,0,0,,,,1,5,0,
巨人/広島,09/23,巨人,0,0,0,1,0,1,0,0,0,,,,2,9,1,
巨人/広島,09/23,広島,1,0,0,2,0,0,0,0,,,,,3,3,1,
阪神/ヤクルト,09/23,阪神,0,0,0,2,2,0,4,0,0,,,,8,14,1,
阪神/ヤクルト,09/23,ヤクルト,0,0,0,0,0,1,0,0,0,,,,1,3,1,
日本ハム/ロッテ,09/23,日本ハム,0,0,0,0,0,3,0,1,0,,,,4,8,1,
日本ハム/ロッテ,09/23,ロッテ,0,1,2,0,0,0,0,0,0,,,,3,7,1,
ＤｅＮＡ/阪神,09/24,ＤｅＮＡ,2,0,0,0,0,0,0,0,0,,,,2,7,0,
ＤｅＮＡ/阪神,09/24,阪神,0,0,0,0,0,0,0,0,0,,,,0,4,0,
オリックス/西武,09/24,オリックス,1,0,0,0,1,0,0,1,2,,,,5,8,0,
オリックス/西武,09/24,西武,0,0,2,4,1,0,1,0,,,,,8,11,1,
楽天/ソフトバンク,09/24,楽天,0,0,0,0,0,0,3,0,0,,,,3,5,1,
楽天/ソフトバンク,09/24,ソフトバンク,0,0,1,0,0,0,3,0,,,,,4,5,0,
巨人/ヤクルト,09/24,巨人,0,0,4,1,0,0,0,0,0,,,,5,7,1,
巨人/ヤクルト,09/24,ヤクルト,2,0,0,0,1,0,0,0,0,,,,3,11,0,
広島/中日,09/24,広島,0,0,0,0,0,0,2,0,0,,,,2,7,0,
広島/中日,09/24,中日,0,0,0,0,0,0,0,2,1,,,,3,13,0,
日本ハム/ロッテ,09/24,日本ハム,0,0,0,0,0,0,2,1,0,0,0,0,3,7,0,
日本ハム/ロッテ,09/24,ロッテ,0,0,1,0,0,0,0,0,2,0,0,1,4,11,0,
ＤｅＮＡ/阪神,09/25,ＤｅＮＡ,0,0,1,0,0,2,0,1,3,,,,7,13,0,
ＤｅＮＡ/阪神,09/25,阪神,0,0,0,0,0,0,0,0,0,,,,0,5,0,
楽天/ソフトバンク,09/25,楽天,2,1,3,0,0,1,0,3,0,,,,10,10,0,
楽天/ソフトバンク,09/25,ソフトバンク,0,0,0,0,0,0,0,0,2,,,,2,8,0,
巨人/ヤクルト,09/25,巨人,0,0,0,0,3,1,1,1,0,,,,6,13,2,
巨人/ヤクルト,09/25,ヤクルト,0,0,5,0,0,0,0,0,0,,,,5,7,0,
ヤクルト/巨人,09/26,ヤクルト,0,0,0,0,0,0,0,0,0,,,,0,6,0,
ヤクルト/巨人,09/26,巨人,0,1,0,1,0,1,0,0,,,,,3,9,0,
ロッテ/ソフトバンク,09/26,ロッテ,0,2,0,1,0,0,0,1,0,,,,4,7,0,
ロッテ/ソフトバンク,09/26,ソフトバンク,0,0,0,0,3,0,0,0,0,,,,3,5,0,
日本ハム/オリックス,09/26,日本ハム,0,0,1,1,0,0,1,0,3,,,,6,17,0,
日本ハム/オリックス,09/26,オリックス,0,0,0,0,0,2,0,0,0,,,,2,9,0,
阪神/ＤｅＮＡ,09/27,阪神,0,0,0,0,0,3,0,0,1,0,0,0,4,11,1,
阪神/ＤｅＮＡ,09/27,ＤｅＮＡ,2,2,0,0,0,0,0,0,0,0,0,0,4,9,0,
中日/巨人,09/27,中日,0,0,0,0,0,0,0,0,1,,,,1,6,0,
中日/巨人,09/27,巨人,0,0,0,0,1,1,0,0,,,,,2,7,0,
日本ハム/オリックス,09/27,日本ハム,0,0,0,0,1,0,0,0,1,0,1,,3,13,1,
日本ハム/オリックス,09/27,オリックス,0,0,0,1,0,1,0,0,0,0,0,,2,5,0,
ヤクルト/広島,09/28,ヤクルト,0,0,0,0,0,0,1,0,0,,,,1,8,1,
ヤクルト/広島,09/28,広島,0,0,0,1,1,1,0,0,,,,,3,7,1,
楽天/日本ハム,09/28,楽天,1,0,0,1,0,0,0,1,0,,,,3,10,0,
楽天/日本ハム,09/28,日本ハム,1,1,0,0,0,0,0,1,1,,,,4,11,0,
阪神/ＤｅＮＡ,09/28,阪神,0,0,5,1,2,3,0,0,0,,,,11,16,2,
阪神/ＤｅＮＡ,09/28,ＤｅＮＡ,0,0,0,0,0,1,1,0,0,,,,2,4,1,
西武/ソフトバンク,09/28,西武,2,0,0,0,0,0,3,0,0,,,,5,10,1,
西武/ソフトバンク,09/28,ソフトバンク,0,1,2,0,4,0,1,0,,,,,8,5,1,
オリックス/ロッテ,09/29,オリックス,0,0,0,0,2,2,0,0,0,,,,4,6,1,
オリックス/ロッテ,09/29,ロッテ,0,0,0,0,0,0,0,0,0,,,,0,3,0,
楽天/日本ハム,09/29,楽天,0,1,0,0,0,0,0,2,0,,,,3,9,0,
楽天/日本ハム,09/29,日本ハム,0,0,0,0,0,0,0,0,0,,,,0,9,0,
阪神/ＤｅＮＡ,09/29,阪神,0,0,0,0,0,0,1,1,0,,,,2,11,0,
阪神/ＤｅＮＡ,09/29,ＤｅＮＡ,0,0,0,3,0,3,0,0,,,,,6,11,0,
ソフトバンク/オリックス,09/30,ソフトバンク,1,1,1,0,3,1,0,0,0,,,,7,11,0,
ソフトバンク/オリックス,09/30,オリックス,1,0,1,0,0,1,1,5,,,,,9,11,1,
ロッテ/楽天,09/30,ロッテ,0,0,2,0,0,1,0,1,0,,,,4,8,1,
ロッテ/楽天,09/30,楽天,1,1,0,0,0,0,0,1,0,,,,3,9,0,
広島/ＤｅＮＡ,09/30,広島,0,1,0,0,0,0,0,0,0,4,,,5,9,0,
広島/ＤｅＮＡ,09/30,ＤｅＮＡ,0,0,0,0,1,0,0,0,0,0,,,1,5,0,
阪神/巨人,09/30,阪神,1,1,0,0,0,0,1,2,0,,,,5,9,0,
阪神/巨人,09/30,巨人,0,1,0,0,0,0,0,0,0,,,,1,5,0,
西武/日本ハム,09/30,西武,0,0,1,0,0,1,1,0,0,,,,3,9,2,
西武/日本ハム,09/30,日本ハム,0,0,0,1,1,0,0,2,,,,,4,6,2,
中日/ヤクルト,09/30,中日,2,2,0,1,0,0,0,0,0,,,,5,5,1,
中日/ヤクルト,09/30,ヤクルト,0,0,4,1,0,0,0,2,,,,,7,11,0,
ソフトバンク/オリックス,10/01,ソフトバンク,0,0,0,0,0,0,0,0,2,,,,2,7,0,
ソフトバンク/オリックス,10/01,オリックス,0,0,0,0,0,0,0,0,0,,,,0,3,2,
ロッテ/楽天,10/01,ロッテ,0,1,0,0,0,0,0,0,4,,,,5,7,1,
ロッテ/楽天,10/01,楽天,1,0,0,0,0,0,1,0,0,,,,2,5,0,
広島/ＤｅＮＡ,10/01,広島,0,2,3,0,2,0,0,0,0,,,,7,12,0,
広島/ＤｅＮＡ,10/01,ＤｅＮＡ,4,0,3,0,2,2,0,2,,,,,13,15,1,
阪神/巨人,10/01,阪神,0,0,3,0,2,0,0,0,0,,,,5,8,0,
阪神/巨人,10/01,巨人,0,0,0,2,0,0,0,0,2,,,,4,8,0,
西武/日本ハム,10/01,西武,0,0,0,0,0,0,2,0,3,,,,5,8,0,
西武/日本ハム,10/01,日本ハム,0,0,0,0,0,0,0,0,0,,,,0,5,1,
中日/ヤクルト,10/01,中日,0,0,1,1,0,0,1,0,3,,,,6,9,0,
中日/ヤクルト,10/01,ヤクルト,0,3,0,0,0,0,0,0,1,,,,4,7,1,
楽天/西武,10/02,楽天,0,0,0,0,0,2,0,0,0,,,,2,8,0,
楽天/西武,10/02,西武,0,0,0,1,0,0,0,0,0,,,,1,7,0,
オリックス/日本ハム,10/03,オリックス,1,0,0,0,2,0,0,2,0,,,,5,10,0,
オリックス/日本ハム,10/03,日本ハム,0,2,5,2,1,0,0,0,,,,,10,13,0,
楽天/西武,10/03,楽天,0,0,2,0,0,0,1,0,0,,,,3,6,0,
楽天/西武,10/03,西武,0,1,2,0,0,2,0,5,,,,,10,16,2,
巨人/ヤクルト,10/03,巨人,2,1,0,0,0,3,0,0,4,,,,10,15,0,
巨人/ヤクルト,10/03,ヤクルト,0,0,1,2,3,0,0,0,0,,,,6,11,0,
中日/ＤｅＮＡ,10/03,中日,0,0,0,0,0,0,1,0,0,,,,1,6,0,
中日/ＤｅＮＡ,10/03,ＤｅＮＡ,3,0,0,0,0,0,0,0,,,,,3,3,0,
オリックス/日本ハム,10/04,オリックス,0,0,0,0,0,0,0,0,0,,,,0,2,0,
オリックス/日本ハム,10/04,日本ハム,0,0,0,3,0,0,0,0,,,,,3,9,0,
楽天/ロッテ,10/04,楽天,0,0,0,0,0,0,0,0,1,0,0,0,1,11,0,
楽天/ロッテ,10/04,ロッテ,0,0,0,0,0,0,1,0,0,0,0,0,1,10,0,
中日/ＤｅＮＡ,10/04,中日,0,0,1,0,0,0,0,0,0,,,,1,6,1,
中日/ＤｅＮＡ,10/04,ＤｅＮＡ,1,0,0,0,1,0,0,0,,,,,2,7,0,
楽天/ロッテ,10/05,楽天,1,0,1,0,0,0,0,0,0,,,,2,6,1,
楽天/ロッテ,10/05,ロッテ,0,0,2,0,0,0,0,0,1,,,,3,7,1,
中日/阪神,10/05,中日,0,0,0,0,0,1,0,0,0,,,,1,4,0,
中日/阪神,10/05,阪神,0,0,0,0,0,1,1,0,,,,,2,7,0,
日本ハム/西武,10/05,日本ハム,3,2,0,1,0,2,0,0,0,,,,8,10,1,
日本ハム/西武,10/05,西武,2,2,0,1,1,0,0,0,0,,,,6,10,1,
オリックス/ソフトバンク,10/06,オリックス,1,0,0,0,2,0,0,0,0,0,0,0,3,9,1,
オリックス/ソフトバンク,10/06,ソフトバンク,0,0,0,0,1,0,1,0,1,0,0,1,4,8,0,
楽天/オリックス,10/07,楽天,0,0,0,0,0,2,0,0,5,,,,7,13,3,
楽天/オリックス,10/07,オリックス,0,0,0,0,0,0,0,0,0,,,,0,2,2,
ソフトバンク/楽天,10/08,ソフトバンク,0,0,0,0,0,0,0,0,0,,,,0,7,0,
ソフトバンク/楽天,10/08,楽天,0,0,0,0,2,0,0,0,,,,,2,7,1,
オリックス/ロッテ,10/09,オリックス,0,1,0,0,0,0,0,0,0,,,,1,9,1,
オリックス/ロッテ,10/09,ロッテ,0,0,0,5,1,0,0,0,,,,,6,8,0,
日本ハム/楽天,10/09,日本ハム,0,0,0,1,1,0,1,0,0,,,,3,7,0,
日本ハム/楽天,10/09,楽天,1,0,0,0,0,0,0,0,0,,,,1,9,2,
ロッテ/楽天,10/10,ロッテ,0,0,0,0,0,0,0,0,0,,,,0,4,1,
ロッテ/楽天,10/10,楽天,1,1,0,2,0,0,1,0,,,,,5,8,0,
中日/阪神,10/10,中日,0,0,0,0,0,0,0,1,0,,,,1,5,0,
中日/阪神,10/10,阪神,1,0,0,0,3,0,2,0,,,,,6,7,0,
